-- University (230 records)
INSERT INTO university (id, name, level, region, intro, official_url, status) VALUES (1, '清华大学', '985/211/双一流', '北京', '清华大学是一所具有悠久历史的高等学府...', 'http://www.1.edu.cn', 1);
INSERT INTO university (id, name, level, region, intro, official_url, status) VALUES (2, '北京大学', '985/211/双一流', '北京', '北京大学是一所具有悠久历史的高等学府...', 'http://www.2.edu.cn', 1);
INSERT INTO university (id, name, level, region, intro, official_url, status) VALUES (3, '复旦大学', '985/211/双一流', '上海', '复旦大学是一所具有悠久历史的高等学府...', 'http://www.3.edu.cn', 1);
INSERT INTO university (id, name, level, region, intro, official_url, status) VALUES (4, '上海交通大学', '985/211/双一流', '上海', '上海交通大学是一所具有悠久历史的高等学府...', 'http://www.4.edu.cn', 1);
INSERT INTO university (id, name, level, region, intro, official_url, status) VALUES (5, '中山大学', '985/211/双一流', '广东', '中山大学是一所具有悠久历史的高等学府...', 'http://www.5.edu.cn', 1);
INSERT INTO university (id, name, level, region, intro, official_url, status) VALUES (6, '华南理工大学', '985/211/双一流', '广东', '华南理工大学是一所具有悠久历史的高等学府...', 'http://www.6.edu.cn', 1);
INSERT INTO university (id, name, level, region, intro, official_url, status) VALUES (7, '浙江大学', '985/211/双一流', '浙江', '浙江大学是一所具有悠久历史的高等学府...', 'http://www.7.edu.cn', 1);
INSERT INTO university (id, name, level, region, intro, official_url, status) VALUES (8, '南京大学', '985/211/双一流', '江苏', '南京大学是一所具有悠久历史的高等学府...', 'http://www.8.edu.cn', 1);
INSERT INTO university (id, name, level, region, intro, official_url, status) VALUES (9, '武汉大学', '985/211/双一流', '湖北', '武汉大学是一所具有悠久历史的高等学府...', 'http://www.9.edu.cn', 1);
INSERT INTO university (id, name, level, region, intro, official_url, status) VALUES (10, '华中科技大学', '985/211/双一流', '湖北', '华中科技大学是一所具有悠久历史的高等学府...', 'http://www.10.edu.cn', 1);
INSERT INTO university (id, name, level, region, intro, official_url, status) VALUES (11, '西安交通大学', '985/211/双一流', '陕西', '西安交通大学是一所具有悠久历史的高等学府...', 'http://www.11.edu.cn', 1);
INSERT INTO university (id, name, level, region, intro, official_url, status) VALUES (12, '哈尔滨工业大学', '985/211/双一流', '黑龙江', '哈尔滨工业大学是一所具有悠久历史的高等学府...', 'http://www.12.edu.cn', 1);
INSERT INTO university (id, name, level, region, intro, official_url, status) VALUES (13, '四川大学', '985/211/双一流', '四川', '四川大学是一所具有悠久历史的高等学府...', 'http://www.13.edu.cn', 1);
INSERT INTO university (id, name, level, region, intro, official_url, status) VALUES (14, '吉林大学', '985/211/双一流', '吉林', '吉林大学是一所具有悠久历史的高等学府...', 'http://www.14.edu.cn', 1);
INSERT INTO university (id, name, level, region, intro, official_url, status) VALUES (15, '南开大学', '985/211/双一流', '天津', '南开大学是一所具有悠久历史的高等学府...', 'http://www.15.edu.cn', 1);
INSERT INTO university (id, name, level, region, intro, official_url, status) VALUES (16, '天津大学', '985/211/双一流', '天津', '天津大学是一所具有悠久历史的高等学府...', 'http://www.16.edu.cn', 1);
INSERT INTO university (id, name, level, region, intro, official_url, status) VALUES (17, '山东大学', '985/211/双一流', '山东', '山东大学是一所具有悠久历史的高等学府...', 'http://www.17.edu.cn', 1);
INSERT INTO university (id, name, level, region, intro, official_url, status) VALUES (18, '中南大学', '985/211/双一流', '湖南', '中南大学是一所具有悠久历史的高等学府...', 'http://www.18.edu.cn', 1);
INSERT INTO university (id, name, level, region, intro, official_url, status) VALUES (19, '厦门大学', '985/211/双一流', '福建', '厦门大学是一所具有悠久历史的高等学府...', 'http://www.19.edu.cn', 1);
INSERT INTO university (id, name, level, region, intro, official_url, status) VALUES (20, '东南大学', '985/211/双一流', '江苏', '东南大学是一所具有悠久历史的高等学府...', 'http://www.20.edu.cn', 1);
INSERT INTO university (id, name, level, region, intro, official_url, status) VALUES (21, '北京航空航天大学', '985/211/双一流', '北京', '北京航空航天大学是一所具有悠久历史的高等学府...', 'http://www.21.edu.cn', 1);
INSERT INTO university (id, name, level, region, intro, official_url, status) VALUES (22, '同济大学', '985/211/双一流', '上海', '同济大学是一所具有悠久历史的高等学府...', 'http://www.22.edu.cn', 1);
INSERT INTO university (id, name, level, region, intro, official_url, status) VALUES (23, '北京师范大学', '985/211/双一流', '北京', '北京师范大学是一所具有悠久历史的高等学府...', 'http://www.23.edu.cn', 1);
INSERT INTO university (id, name, level, region, intro, official_url, status) VALUES (24, '中国科学技术大学', '985/211/双一流', '安徽', '中国科学技术大学是一所具有悠久历史的高等学府...', 'http://www.24.edu.cn', 1);
INSERT INTO university (id, name, level, region, intro, official_url, status) VALUES (25, '中国人民大学', '985/211/双一流', '北京', '中国人民大学是一所具有悠久历史的高等学府...', 'http://www.25.edu.cn', 1);
INSERT INTO university (id, name, level, region, intro, official_url, status) VALUES (26, '中国农业大学', '985/211/双一流', '北京', '中国农业大学是一所具有悠久历史的高等学府...', 'http://www.26.edu.cn', 1);
INSERT INTO university (id, name, level, region, intro, official_url, status) VALUES (27, '北京理工大学', '985/211/双一流', '北京', '北京理工大学是一所具有悠久历史的高等学府...', 'http://www.27.edu.cn', 1);
INSERT INTO university (id, name, level, region, intro, official_url, status) VALUES (28, '大连理工大学', '985/211/双一流', '辽宁', '大连理工大学是一所具有悠久历史的高等学府...', 'http://www.28.edu.cn', 1);
INSERT INTO university (id, name, level, region, intro, official_url, status) VALUES (29, '东北大学', '985/211/双一流', '辽宁', '东北大学是一所具有悠久历史的高等学府...', 'http://www.29.edu.cn', 1);
INSERT INTO university (id, name, level, region, intro, official_url, status) VALUES (30, '华东师范大学', '985/211/双一流', '上海', '华东师范大学是一所具有悠久历史的高等学府...', 'http://www.30.edu.cn', 1);
INSERT INTO university (id, name, level, region, intro, official_url, status) VALUES (31, '兰州大学', '985/211/双一流', '甘肃', '兰州大学是一所具有悠久历史的高等学府...', 'http://www.31.edu.cn', 1);
INSERT INTO university (id, name, level, region, intro, official_url, status) VALUES (32, '重庆大学', '985/211/双一流', '重庆', '重庆大学是一所具有悠久历史的高等学府...', 'http://www.32.edu.cn', 1);
INSERT INTO university (id, name, level, region, intro, official_url, status) VALUES (33, '湖南大学', '985/211/双一流', '湖南', '湖南大学是一所具有悠久历史的高等学府...', 'http://www.33.edu.cn', 1);
INSERT INTO university (id, name, level, region, intro, official_url, status) VALUES (34, '电子科技大学', '985/211/双一流', '四川', '电子科技大学是一所具有悠久历史的高等学府...', 'http://www.34.edu.cn', 1);
INSERT INTO university (id, name, level, region, intro, official_url, status) VALUES (35, '西北工业大学', '985/211/双一流', '陕西', '西北工业大学是一所具有悠久历史的高等学府...', 'http://www.35.edu.cn', 1);
INSERT INTO university (id, name, level, region, intro, official_url, status) VALUES (36, '中国海洋大学', '985/211/双一流', '山东', '中国海洋大学是一所具有悠久历史的高等学府...', 'http://www.36.edu.cn', 1);
INSERT INTO university (id, name, level, region, intro, official_url, status) VALUES (37, '中央民族大学', '985/211/双一流', '北京', '中央民族大学是一所具有悠久历史的高等学府...', 'http://www.37.edu.cn', 1);
INSERT INTO university (id, name, level, region, intro, official_url, status) VALUES (38, '华南师范大学', '211/双一流', '广东', '华南师范大学是一所具有悠久历史的高等学府...', 'http://www.38.edu.cn', 1);
INSERT INTO university (id, name, level, region, intro, official_url, status) VALUES (39, '暨南大学', '211/双一流', '广东', '暨南大学是一所具有悠久历史的高等学府...', 'http://www.39.edu.cn', 1);
INSERT INTO university (id, name, level, region, intro, official_url, status) VALUES (40, '深圳大学', '一本', '广东', '深圳大学是一所具有悠久历史的高等学府...', 'http://www.40.edu.cn', 1);
INSERT INTO university (id, name, level, region, intro, official_url, status) VALUES (41, '广东工业大学', '一本', '广东', '广东工业大学是一所具有悠久历史的高等学府...', 'http://www.41.edu.cn', 1);
INSERT INTO university (id, name, level, region, intro, official_url, status) VALUES (42, '南方科技大学', '双一流', '广东', '南方科技大学是一所具有悠久历史的高等学府...', 'http://www.42.edu.cn', 1);
INSERT INTO university (id, name, level, region, intro, official_url, status) VALUES (43, '广州大学', '一本', '广东', '广州大学是一所具有悠久历史的高等学府...', 'http://www.43.edu.cn', 1);
INSERT INTO university (id, name, level, region, intro, official_url, status) VALUES (44, '汕头大学', '一本', '广东', '汕头大学是一所具有悠久历史的高等学府...', 'http://www.44.edu.cn', 1);
INSERT INTO university (id, name, level, region, intro, official_url, status) VALUES (45, '安徽大学', '211/双一流', '安徽', '安徽大学是一所具有悠久历史的高等学府...', 'http://www.45.edu.cn', 1);
INSERT INTO university (id, name, level, region, intro, official_url, status) VALUES (46, '福州大学', '211/双一流', '福建', '福州大学是一所具有悠久历史的高等学府...', 'http://www.46.edu.cn', 1);
INSERT INTO university (id, name, level, region, intro, official_url, status) VALUES (47, '南昌大学', '211/双一流', '江西', '南昌大学是一所具有悠久历史的高等学府...', 'http://www.47.edu.cn', 1);
INSERT INTO university (id, name, level, region, intro, official_url, status) VALUES (48, '河南大学', '双一流', '河南', '河南大学是一所具有悠久历史的高等学府...', 'http://www.48.edu.cn', 1);
INSERT INTO university (id, name, level, region, intro, official_url, status) VALUES (49, '湖北大学', '一本', '湖北', '湖北大学是一所具有悠久历史的高等学府...', 'http://www.49.edu.cn', 1);
INSERT INTO university (id, name, level, region, intro, official_url, status) VALUES (50, '苏州大学', '211/双一流', '江苏', '苏州大学是一所具有悠久历史的高等学府...', 'http://www.50.edu.cn', 1);
INSERT INTO university (id, name, level, region, intro, official_url, status) VALUES (51, '宁海师范大学', '双一流', '江苏', '宁海师范大学是一所具有悠久历史的高等学府...', 'http://www.51.edu.cn', 1);
INSERT INTO university (id, name, level, region, intro, official_url, status) VALUES (52, '洛水师范大学', '二本', '山东', '洛水师范大学是一所具有悠久历史的高等学府...', 'http://www.52.edu.cn', 1);
INSERT INTO university (id, name, level, region, intro, official_url, status) VALUES (53, '灵山交通大学', '一本', '江苏', '灵山交通大学是一所具有悠久历史的高等学府...', 'http://www.53.edu.cn', 1);
INSERT INTO university (id, name, level, region, intro, official_url, status) VALUES (54, '北辰农林大学', '一本', '河南', '北辰农林大学是一所具有悠久历史的高等学府...', 'http://www.54.edu.cn', 1);
INSERT INTO university (id, name, level, region, intro, official_url, status) VALUES (55, '白云理工大学', '双一流', '山东', '白云理工大学是一所具有悠久历史的高等学府...', 'http://www.55.edu.cn', 1);
INSERT INTO university (id, name, level, region, intro, official_url, status) VALUES (56, '洛水理工大学', '二本', '浙江', '洛水理工大学是一所具有悠久历史的高等学府...', 'http://www.56.edu.cn', 1);
INSERT INTO university (id, name, level, region, intro, official_url, status) VALUES (57, '西沧科技大学', '一本', '浙江', '西沧科技大学是一所具有悠久历史的高等学府...', 'http://www.57.edu.cn', 1);
INSERT INTO university (id, name, level, region, intro, official_url, status) VALUES (58, '西沧工业大学', '一本', '江苏', '西沧工业大学是一所具有悠久历史的高等学府...', 'http://www.58.edu.cn', 1);
INSERT INTO university (id, name, level, region, intro, official_url, status) VALUES (59, '星海大学', '二本', '浙江', '星海大学是一所具有悠久历史的高等学府...', 'http://www.59.edu.cn', 1);
INSERT INTO university (id, name, level, region, intro, official_url, status) VALUES (60, '龙江农林大学', '双一流', '广东', '龙江农林大学是一所具有悠久历史的高等学府...', 'http://www.60.edu.cn', 1);
INSERT INTO university (id, name, level, region, intro, official_url, status) VALUES (61, '青山工业大学', '一本', '江苏', '青山工业大学是一所具有悠久历史的高等学府...', 'http://www.61.edu.cn', 1);
INSERT INTO university (id, name, level, region, intro, official_url, status) VALUES (62, '北辰理工大学', '二本', '河南', '北辰理工大学是一所具有悠久历史的高等学府...', 'http://www.62.edu.cn', 1);
INSERT INTO university (id, name, level, region, intro, official_url, status) VALUES (63, '海西农林大学', '二本', '江苏', '海西农林大学是一所具有悠久历史的高等学府...', 'http://www.63.edu.cn', 1);
INSERT INTO university (id, name, level, region, intro, official_url, status) VALUES (64, '中云财经大学', '双一流', '浙江', '中云财经大学是一所具有悠久历史的高等学府...', 'http://www.64.edu.cn', 1);
INSERT INTO university (id, name, level, region, intro, official_url, status) VALUES (65, '灵山轻工业大学', '一本', '河南', '灵山轻工业大学是一所具有悠久历史的高等学府...', 'http://www.65.edu.cn', 1);
INSERT INTO university (id, name, level, region, intro, official_url, status) VALUES (66, '宁海农林大学', '二本', '广东', '宁海农林大学是一所具有悠久历史的高等学府...', 'http://www.66.edu.cn', 1);
INSERT INTO university (id, name, level, region, intro, official_url, status) VALUES (67, '中云科技大学', '一本', '河南', '中云科技大学是一所具有悠久历史的高等学府...', 'http://www.67.edu.cn', 1);
INSERT INTO university (id, name, level, region, intro, official_url, status) VALUES (68, '星海艺术大学', '双一流', '广东', '星海艺术大学是一所具有悠久历史的高等学府...', 'http://www.68.edu.cn', 1);
INSERT INTO university (id, name, level, region, intro, official_url, status) VALUES (69, '南华科技大学', '二本', '广东', '南华科技大学是一所具有悠久历史的高等学府...', 'http://www.69.edu.cn', 1);
INSERT INTO university (id, name, level, region, intro, official_url, status) VALUES (70, '龙江财经大学', '二本', '山东', '龙江财经大学是一所具有悠久历史的高等学府...', 'http://www.70.edu.cn', 1);
INSERT INTO university (id, name, level, region, intro, official_url, status) VALUES (71, '洛水建筑大学', '双一流', '山东', '洛水建筑大学是一所具有悠久历史的高等学府...', 'http://www.71.edu.cn', 1);
INSERT INTO university (id, name, level, region, intro, official_url, status) VALUES (72, '宁海工业大学', '二本', '河南', '宁海工业大学是一所具有悠久历史的高等学府...', 'http://www.72.edu.cn', 1);
INSERT INTO university (id, name, level, region, intro, official_url, status) VALUES (73, '海西大学', '一本', '浙江', '海西大学是一所具有悠久历史的高等学府...', 'http://www.73.edu.cn', 1);
INSERT INTO university (id, name, level, region, intro, official_url, status) VALUES (74, '东岭医科大学', '双一流', '江苏', '东岭医科大学是一所具有悠久历史的高等学府...', 'http://www.74.edu.cn', 1);
INSERT INTO university (id, name, level, region, intro, official_url, status) VALUES (75, '广川轻工业大学', '双一流', '江苏', '广川轻工业大学是一所具有悠久历史的高等学府...', 'http://www.75.edu.cn', 1);
INSERT INTO university (id, name, level, region, intro, official_url, status) VALUES (76, '星海交通大学', '双一流', '江苏', '星海交通大学是一所具有悠久历史的高等学府...', 'http://www.76.edu.cn', 1);
INSERT INTO university (id, name, level, region, intro, official_url, status) VALUES (77, '灵山大学', '一本', '河南', '灵山大学是一所具有悠久历史的高等学府...', 'http://www.77.edu.cn', 1);
INSERT INTO university (id, name, level, region, intro, official_url, status) VALUES (78, '白云大学', '一本', '浙江', '白云大学是一所具有悠久历史的高等学府...', 'http://www.78.edu.cn', 1);
INSERT INTO university (id, name, level, region, intro, official_url, status) VALUES (79, '宁海艺术大学', '一本', '江苏', '宁海艺术大学是一所具有悠久历史的高等学府...', 'http://www.79.edu.cn', 1);
INSERT INTO university (id, name, level, region, intro, official_url, status) VALUES (80, '广川交通大学', '二本', '河南', '广川交通大学是一所具有悠久历史的高等学府...', 'http://www.80.edu.cn', 1);
INSERT INTO university (id, name, level, region, intro, official_url, status) VALUES (81, '海西科技大学', '双一流', '山东', '海西科技大学是一所具有悠久历史的高等学府...', 'http://www.81.edu.cn', 1);
INSERT INTO university (id, name, level, region, intro, official_url, status) VALUES (82, '灵山师范大学', '双一流', '江苏', '灵山师范大学是一所具有悠久历史的高等学府...', 'http://www.82.edu.cn', 1);
INSERT INTO university (id, name, level, region, intro, official_url, status) VALUES (83, '高邮工业大学', '双一流', '广东', '高邮工业大学是一所具有悠久历史的高等学府...', 'http://www.83.edu.cn', 1);
INSERT INTO university (id, name, level, region, intro, official_url, status) VALUES (84, '南华工业大学', '一本', '山东', '南华工业大学是一所具有悠久历史的高等学府...', 'http://www.84.edu.cn', 1);
INSERT INTO university (id, name, level, region, intro, official_url, status) VALUES (85, '海西艺术大学', '一本', '广东', '海西艺术大学是一所具有悠久历史的高等学府...', 'http://www.85.edu.cn', 1);
INSERT INTO university (id, name, level, region, intro, official_url, status) VALUES (86, '广川医科大学', '双一流', '河南', '广川医科大学是一所具有悠久历史的高等学府...', 'http://www.86.edu.cn', 1);
INSERT INTO university (id, name, level, region, intro, official_url, status) VALUES (87, '洛水农林大学', '双一流', '浙江', '洛水农林大学是一所具有悠久历史的高等学府...', 'http://www.87.edu.cn', 1);
INSERT INTO university (id, name, level, region, intro, official_url, status) VALUES (88, '广川艺术大学', '双一流', '山东', '广川艺术大学是一所具有悠久历史的高等学府...', 'http://www.88.edu.cn', 1);
INSERT INTO university (id, name, level, region, intro, official_url, status) VALUES (89, '宁海建筑大学', '双一流', '山东', '宁海建筑大学是一所具有悠久历史的高等学府...', 'http://www.89.edu.cn', 1);
INSERT INTO university (id, name, level, region, intro, official_url, status) VALUES (90, '南华建筑大学', '一本', '河南', '南华建筑大学是一所具有悠久历史的高等学府...', 'http://www.90.edu.cn', 1);
INSERT INTO university (id, name, level, region, intro, official_url, status) VALUES (91, '高邮工程大学', '一本', '广东', '高邮工程大学是一所具有悠久历史的高等学府...', 'http://www.91.edu.cn', 1);
INSERT INTO university (id, name, level, region, intro, official_url, status) VALUES (92, '平阳建筑大学', '双一流', '广东', '平阳建筑大学是一所具有悠久历史的高等学府...', 'http://www.92.edu.cn', 1);
INSERT INTO university (id, name, level, region, intro, official_url, status) VALUES (93, '海西大学1', '一本', '江苏', '海西大学1是一所具有悠久历史的高等学府...', 'http://www.93.edu.cn', 1);
INSERT INTO university (id, name, level, region, intro, official_url, status) VALUES (94, '定山轻工业大学', '一本', '浙江', '定山轻工业大学是一所具有悠久历史的高等学府...', 'http://www.94.edu.cn', 1);
INSERT INTO university (id, name, level, region, intro, official_url, status) VALUES (95, '南华工程大学', '一本', '河南', '南华工程大学是一所具有悠久历史的高等学府...', 'http://www.95.edu.cn', 1);
INSERT INTO university (id, name, level, region, intro, official_url, status) VALUES (96, '凤城财经大学', '一本', '江苏', '凤城财经大学是一所具有悠久历史的高等学府...', 'http://www.96.edu.cn', 1);
INSERT INTO university (id, name, level, region, intro, official_url, status) VALUES (97, '定山农林大学', '双一流', '河南', '定山农林大学是一所具有悠久历史的高等学府...', 'http://www.97.edu.cn', 1);
INSERT INTO university (id, name, level, region, intro, official_url, status) VALUES (98, '漠北艺术大学', '双一流', '山东', '漠北艺术大学是一所具有悠久历史的高等学府...', 'http://www.98.edu.cn', 1);
INSERT INTO university (id, name, level, region, intro, official_url, status) VALUES (99, '海西师范大学', '一本', '江苏', '海西师范大学是一所具有悠久历史的高等学府...', 'http://www.99.edu.cn', 1);
INSERT INTO university (id, name, level, region, intro, official_url, status) VALUES (100, '龙江工程大学', '双一流', '江苏', '龙江工程大学是一所具有悠久历史的高等学府...', 'http://www.100.edu.cn', 1);
INSERT INTO university (id, name, level, region, intro, official_url, status) VALUES (101, '高邮科技大学', '一本', '浙江', '高邮科技大学是一所具有悠久历史的高等学府...', 'http://www.101.edu.cn', 1);
INSERT INTO university (id, name, level, region, intro, official_url, status) VALUES (102, '东岭大学', '二本', '河南', '东岭大学是一所具有悠久历史的高等学府...', 'http://www.102.edu.cn', 1);
INSERT INTO university (id, name, level, region, intro, official_url, status) VALUES (103, '海西轻工业大学', '双一流', '浙江', '海西轻工业大学是一所具有悠久历史的高等学府...', 'http://www.103.edu.cn', 1);
INSERT INTO university (id, name, level, region, intro, official_url, status) VALUES (104, '广川交通大学2', '双一流', '广东', '广川交通大学2是一所具有悠久历史的高等学府...', 'http://www.104.edu.cn', 1);
INSERT INTO university (id, name, level, region, intro, official_url, status) VALUES (105, '临安艺术大学', '一本', '山东', '临安艺术大学是一所具有悠久历史的高等学府...', 'http://www.105.edu.cn', 1);
INSERT INTO university (id, name, level, region, intro, official_url, status) VALUES (106, '中云财经大学3', '一本', '江苏', '中云财经大学3是一所具有悠久历史的高等学府...', 'http://www.106.edu.cn', 1);
INSERT INTO university (id, name, level, region, intro, official_url, status) VALUES (107, '凤城理工大学', '双一流', '浙江', '凤城理工大学是一所具有悠久历史的高等学府...', 'http://www.107.edu.cn', 1);
INSERT INTO university (id, name, level, region, intro, official_url, status) VALUES (108, '东岭工程大学', '二本', '浙江', '东岭工程大学是一所具有悠久历史的高等学府...', 'http://www.108.edu.cn', 1);
INSERT INTO university (id, name, level, region, intro, official_url, status) VALUES (109, '定山建筑大学', '双一流', '山东', '定山建筑大学是一所具有悠久历史的高等学府...', 'http://www.109.edu.cn', 1);
INSERT INTO university (id, name, level, region, intro, official_url, status) VALUES (110, '宁海建筑大学4', '二本', '广东', '宁海建筑大学4是一所具有悠久历史的高等学府...', 'http://www.110.edu.cn', 1);
INSERT INTO university (id, name, level, region, intro, official_url, status) VALUES (111, '白云农林大学', '一本', '浙江', '白云农林大学是一所具有悠久历史的高等学府...', 'http://www.111.edu.cn', 1);
INSERT INTO university (id, name, level, region, intro, official_url, status) VALUES (112, '东岭交通大学', '二本', '广东', '东岭交通大学是一所具有悠久历史的高等学府...', 'http://www.112.edu.cn', 1);
INSERT INTO university (id, name, level, region, intro, official_url, status) VALUES (113, '中云交通大学', '双一流', '河南', '中云交通大学是一所具有悠久历史的高等学府...', 'http://www.113.edu.cn', 1);
INSERT INTO university (id, name, level, region, intro, official_url, status) VALUES (114, '龙江轻工业大学', '双一流', '河南', '龙江轻工业大学是一所具有悠久历史的高等学府...', 'http://www.114.edu.cn', 1);
INSERT INTO university (id, name, level, region, intro, official_url, status) VALUES (115, '星海大学5', '一本', '河南', '星海大学5是一所具有悠久历史的高等学府...', 'http://www.115.edu.cn', 1);
INSERT INTO university (id, name, level, region, intro, official_url, status) VALUES (116, '龙江科技大学', '一本', '广东', '龙江科技大学是一所具有悠久历史的高等学府...', 'http://www.116.edu.cn', 1);
INSERT INTO university (id, name, level, region, intro, official_url, status) VALUES (117, '临安轻工业大学', '双一流', '江苏', '临安轻工业大学是一所具有悠久历史的高等学府...', 'http://www.117.edu.cn', 1);
INSERT INTO university (id, name, level, region, intro, official_url, status) VALUES (118, '广川工业大学', '双一流', '浙江', '广川工业大学是一所具有悠久历史的高等学府...', 'http://www.118.edu.cn', 1);
INSERT INTO university (id, name, level, region, intro, official_url, status) VALUES (119, '白云工业大学', '二本', '山东', '白云工业大学是一所具有悠久历史的高等学府...', 'http://www.119.edu.cn', 1);
INSERT INTO university (id, name, level, region, intro, official_url, status) VALUES (120, '定山工业大学', '二本', '广东', '定山工业大学是一所具有悠久历史的高等学府...', 'http://www.120.edu.cn', 1);
INSERT INTO university (id, name, level, region, intro, official_url, status) VALUES (121, '高邮科技大学6', '一本', '江苏', '高邮科技大学6是一所具有悠久历史的高等学府...', 'http://www.121.edu.cn', 1);
INSERT INTO university (id, name, level, region, intro, official_url, status) VALUES (122, '白云理工大学7', '双一流', '江苏', '白云理工大学7是一所具有悠久历史的高等学府...', 'http://www.122.edu.cn', 1);
INSERT INTO university (id, name, level, region, intro, official_url, status) VALUES (123, '定山轻工业大学8', '二本', '山东', '定山轻工业大学8是一所具有悠久历史的高等学府...', 'http://www.123.edu.cn', 1);
INSERT INTO university (id, name, level, region, intro, official_url, status) VALUES (124, '灵山科技大学', '二本', '浙江', '灵山科技大学是一所具有悠久历史的高等学府...', 'http://www.124.edu.cn', 1);
INSERT INTO university (id, name, level, region, intro, official_url, status) VALUES (125, '广川轻工业大学9', '一本', '河南', '广川轻工业大学9是一所具有悠久历史的高等学府...', 'http://www.125.edu.cn', 1);
INSERT INTO university (id, name, level, region, intro, official_url, status) VALUES (126, '定山科技大学', '双一流', '浙江', '定山科技大学是一所具有悠久历史的高等学府...', 'http://www.126.edu.cn', 1);
INSERT INTO university (id, name, level, region, intro, official_url, status) VALUES (127, '西沧师范大学', '双一流', '河南', '西沧师范大学是一所具有悠久历史的高等学府...', 'http://www.127.edu.cn', 1);
INSERT INTO university (id, name, level, region, intro, official_url, status) VALUES (128, '南华师范大学', '双一流', '浙江', '南华师范大学是一所具有悠久历史的高等学府...', 'http://www.128.edu.cn', 1);
INSERT INTO university (id, name, level, region, intro, official_url, status) VALUES (129, '白云大学10', '二本', '山东', '白云大学10是一所具有悠久历史的高等学府...', 'http://www.129.edu.cn', 1);
INSERT INTO university (id, name, level, region, intro, official_url, status) VALUES (130, '龙江科技大学11', '二本', '广东', '龙江科技大学11是一所具有悠久历史的高等学府...', 'http://www.130.edu.cn', 1);
INSERT INTO university (id, name, level, region, intro, official_url, status) VALUES (131, '西沧工程大学', '双一流', '浙江', '西沧工程大学是一所具有悠久历史的高等学府...', 'http://www.131.edu.cn', 1);
INSERT INTO university (id, name, level, region, intro, official_url, status) VALUES (132, '东岭工程大学12', '双一流', '浙江', '东岭工程大学12是一所具有悠久历史的高等学府...', 'http://www.132.edu.cn', 1);
INSERT INTO university (id, name, level, region, intro, official_url, status) VALUES (133, '星海财经大学', '双一流', '山东', '星海财经大学是一所具有悠久历史的高等学府...', 'http://www.133.edu.cn', 1);
INSERT INTO university (id, name, level, region, intro, official_url, status) VALUES (134, '中云理工大学', '二本', '广东', '中云理工大学是一所具有悠久历史的高等学府...', 'http://www.134.edu.cn', 1);
INSERT INTO university (id, name, level, region, intro, official_url, status) VALUES (135, '平阳科技大学', '双一流', '河南', '平阳科技大学是一所具有悠久历史的高等学府...', 'http://www.135.edu.cn', 1);
INSERT INTO university (id, name, level, region, intro, official_url, status) VALUES (136, '平阳轻工业大学', '二本', '江苏', '平阳轻工业大学是一所具有悠久历史的高等学府...', 'http://www.136.edu.cn', 1);
INSERT INTO university (id, name, level, region, intro, official_url, status) VALUES (137, '海西医科大学', '双一流', '山东', '海西医科大学是一所具有悠久历史的高等学府...', 'http://www.137.edu.cn', 1);
INSERT INTO university (id, name, level, region, intro, official_url, status) VALUES (138, '宁海建筑大学13', '二本', '浙江', '宁海建筑大学13是一所具有悠久历史的高等学府...', 'http://www.138.edu.cn', 1);
INSERT INTO university (id, name, level, region, intro, official_url, status) VALUES (139, '青山大学', '二本', '广东', '青山大学是一所具有悠久历史的高等学府...', 'http://www.139.edu.cn', 1);
INSERT INTO university (id, name, level, region, intro, official_url, status) VALUES (140, '凤城交通大学', '一本', '浙江', '凤城交通大学是一所具有悠久历史的高等学府...', 'http://www.140.edu.cn', 1);
INSERT INTO university (id, name, level, region, intro, official_url, status) VALUES (141, '星海农林大学', '一本', '广东', '星海农林大学是一所具有悠久历史的高等学府...', 'http://www.141.edu.cn', 1);
INSERT INTO university (id, name, level, region, intro, official_url, status) VALUES (142, '西沧大学', '双一流', '浙江', '西沧大学是一所具有悠久历史的高等学府...', 'http://www.142.edu.cn', 1);
INSERT INTO university (id, name, level, region, intro, official_url, status) VALUES (143, '南华医科大学', '二本', '浙江', '南华医科大学是一所具有悠久历史的高等学府...', 'http://www.143.edu.cn', 1);
INSERT INTO university (id, name, level, region, intro, official_url, status) VALUES (144, '西沧医科大学', '一本', '浙江', '西沧医科大学是一所具有悠久历史的高等学府...', 'http://www.144.edu.cn', 1);
INSERT INTO university (id, name, level, region, intro, official_url, status) VALUES (145, '漠北交通大学', '二本', '山东', '漠北交通大学是一所具有悠久历史的高等学府...', 'http://www.145.edu.cn', 1);
INSERT INTO university (id, name, level, region, intro, official_url, status) VALUES (146, '龙江工业大学', '双一流', '河南', '龙江工业大学是一所具有悠久历史的高等学府...', 'http://www.146.edu.cn', 1);
INSERT INTO university (id, name, level, region, intro, official_url, status) VALUES (147, '广川艺术大学14', '二本', '浙江', '广川艺术大学14是一所具有悠久历史的高等学府...', 'http://www.147.edu.cn', 1);
INSERT INTO university (id, name, level, region, intro, official_url, status) VALUES (148, '定山工程大学', '双一流', '河南', '定山工程大学是一所具有悠久历史的高等学府...', 'http://www.148.edu.cn', 1);
INSERT INTO university (id, name, level, region, intro, official_url, status) VALUES (149, '灵山大学15', '一本', '江苏', '灵山大学15是一所具有悠久历史的高等学府...', 'http://www.149.edu.cn', 1);
INSERT INTO university (id, name, level, region, intro, official_url, status) VALUES (150, '平阳艺术大学', '双一流', '山东', '平阳艺术大学是一所具有悠久历史的高等学府...', 'http://www.150.edu.cn', 1);
INSERT INTO university (id, name, level, region, intro, official_url, status) VALUES (151, '临安大学', '一本', '河南', '临安大学是一所具有悠久历史的高等学府...', 'http://www.151.edu.cn', 1);
INSERT INTO university (id, name, level, region, intro, official_url, status) VALUES (152, '青山师范大学', '一本', '江苏', '青山师范大学是一所具有悠久历史的高等学府...', 'http://www.152.edu.cn', 1);
INSERT INTO university (id, name, level, region, intro, official_url, status) VALUES (153, '凤城师范大学', '二本', '广东', '凤城师范大学是一所具有悠久历史的高等学府...', 'http://www.153.edu.cn', 1);
INSERT INTO university (id, name, level, region, intro, official_url, status) VALUES (154, '平阳大学', '二本', '浙江', '平阳大学是一所具有悠久历史的高等学府...', 'http://www.154.edu.cn', 1);
INSERT INTO university (id, name, level, region, intro, official_url, status) VALUES (155, '平阳财经大学', '二本', '浙江', '平阳财经大学是一所具有悠久历史的高等学府...', 'http://www.155.edu.cn', 1);
INSERT INTO university (id, name, level, region, intro, official_url, status) VALUES (156, '漠北科技大学', '二本', '广东', '漠北科技大学是一所具有悠久历史的高等学府...', 'http://www.156.edu.cn', 1);
INSERT INTO university (id, name, level, region, intro, official_url, status) VALUES (157, '定山农林大学16', '双一流', '河南', '定山农林大学16是一所具有悠久历史的高等学府...', 'http://www.157.edu.cn', 1);
INSERT INTO university (id, name, level, region, intro, official_url, status) VALUES (158, '星海农林大学17', '二本', '山东', '星海农林大学17是一所具有悠久历史的高等学府...', 'http://www.158.edu.cn', 1);
INSERT INTO university (id, name, level, region, intro, official_url, status) VALUES (159, '南华理工大学', '二本', '浙江', '南华理工大学是一所具有悠久历史的高等学府...', 'http://www.159.edu.cn', 1);
INSERT INTO university (id, name, level, region, intro, official_url, status) VALUES (160, '南华农林大学', '双一流', '浙江', '南华农林大学是一所具有悠久历史的高等学府...', 'http://www.160.edu.cn', 1);
INSERT INTO university (id, name, level, region, intro, official_url, status) VALUES (161, '广川农林大学', '二本', '浙江', '广川农林大学是一所具有悠久历史的高等学府...', 'http://www.161.edu.cn', 1);
INSERT INTO university (id, name, level, region, intro, official_url, status) VALUES (162, '宁海大学', '双一流', '江苏', '宁海大学是一所具有悠久历史的高等学府...', 'http://www.162.edu.cn', 1);
INSERT INTO university (id, name, level, region, intro, official_url, status) VALUES (163, '北辰建筑大学', '二本', '山东', '北辰建筑大学是一所具有悠久历史的高等学府...', 'http://www.163.edu.cn', 1);
INSERT INTO university (id, name, level, region, intro, official_url, status) VALUES (164, '青山艺术大学', '双一流', '广东', '青山艺术大学是一所具有悠久历史的高等学府...', 'http://www.164.edu.cn', 1);
INSERT INTO university (id, name, level, region, intro, official_url, status) VALUES (165, '北辰医科大学', '一本', '山东', '北辰医科大学是一所具有悠久历史的高等学府...', 'http://www.165.edu.cn', 1);
INSERT INTO university (id, name, level, region, intro, official_url, status) VALUES (166, '白云工业大学18', '一本', '浙江', '白云工业大学18是一所具有悠久历史的高等学府...', 'http://www.166.edu.cn', 1);
INSERT INTO university (id, name, level, region, intro, official_url, status) VALUES (167, '北辰轻工业大学', '二本', '广东', '北辰轻工业大学是一所具有悠久历史的高等学府...', 'http://www.167.edu.cn', 1);
INSERT INTO university (id, name, level, region, intro, official_url, status) VALUES (168, '高邮工业大学19', '双一流', '广东', '高邮工业大学19是一所具有悠久历史的高等学府...', 'http://www.168.edu.cn', 1);
INSERT INTO university (id, name, level, region, intro, official_url, status) VALUES (169, '青山农林大学', '一本', '江苏', '青山农林大学是一所具有悠久历史的高等学府...', 'http://www.169.edu.cn', 1);
INSERT INTO university (id, name, level, region, intro, official_url, status) VALUES (170, '平阳师范大学', '双一流', '广东', '平阳师范大学是一所具有悠久历史的高等学府...', 'http://www.170.edu.cn', 1);
INSERT INTO university (id, name, level, region, intro, official_url, status) VALUES (171, '定山农林大学20', '一本', '河南', '定山农林大学20是一所具有悠久历史的高等学府...', 'http://www.171.edu.cn', 1);
INSERT INTO university (id, name, level, region, intro, official_url, status) VALUES (172, '中云理工大学21', '二本', '山东', '中云理工大学21是一所具有悠久历史的高等学府...', 'http://www.172.edu.cn', 1);
INSERT INTO university (id, name, level, region, intro, official_url, status) VALUES (173, '广川农林大学22', '一本', '广东', '广川农林大学22是一所具有悠久历史的高等学府...', 'http://www.173.edu.cn', 1);
INSERT INTO university (id, name, level, region, intro, official_url, status) VALUES (174, '平阳轻工业大学23', '二本', '浙江', '平阳轻工业大学23是一所具有悠久历史的高等学府...', 'http://www.174.edu.cn', 1);
INSERT INTO university (id, name, level, region, intro, official_url, status) VALUES (175, '定山大学', '一本', '江苏', '定山大学是一所具有悠久历史的高等学府...', 'http://www.175.edu.cn', 1);
INSERT INTO university (id, name, level, region, intro, official_url, status) VALUES (176, '南华理工大学24', '一本', '河南', '南华理工大学24是一所具有悠久历史的高等学府...', 'http://www.176.edu.cn', 1);
INSERT INTO university (id, name, level, region, intro, official_url, status) VALUES (177, '青山农林大学25', '二本', '广东', '青山农林大学25是一所具有悠久历史的高等学府...', 'http://www.177.edu.cn', 1);
INSERT INTO university (id, name, level, region, intro, official_url, status) VALUES (178, '广川科技大学', '一本', '山东', '广川科技大学是一所具有悠久历史的高等学府...', 'http://www.178.edu.cn', 1);
INSERT INTO university (id, name, level, region, intro, official_url, status) VALUES (179, '海西建筑大学', '一本', '河南', '海西建筑大学是一所具有悠久历史的高等学府...', 'http://www.179.edu.cn', 1);
INSERT INTO university (id, name, level, region, intro, official_url, status) VALUES (180, '定山工业大学26', '双一流', '广东', '定山工业大学26是一所具有悠久历史的高等学府...', 'http://www.180.edu.cn', 1);
INSERT INTO university (id, name, level, region, intro, official_url, status) VALUES (181, '广川医科大学27', '一本', '山东', '广川医科大学27是一所具有悠久历史的高等学府...', 'http://www.181.edu.cn', 1);
INSERT INTO university (id, name, level, region, intro, official_url, status) VALUES (182, '平阳交通大学', '一本', '广东', '平阳交通大学是一所具有悠久历史的高等学府...', 'http://www.182.edu.cn', 1);
INSERT INTO university (id, name, level, region, intro, official_url, status) VALUES (183, '东岭工程大学28', '二本', '山东', '东岭工程大学28是一所具有悠久历史的高等学府...', 'http://www.183.edu.cn', 1);
INSERT INTO university (id, name, level, region, intro, official_url, status) VALUES (184, '北辰大学', '二本', '浙江', '北辰大学是一所具有悠久历史的高等学府...', 'http://www.184.edu.cn', 1);
INSERT INTO university (id, name, level, region, intro, official_url, status) VALUES (185, '南华艺术大学', '一本', '江苏', '南华艺术大学是一所具有悠久历史的高等学府...', 'http://www.185.edu.cn', 1);
INSERT INTO university (id, name, level, region, intro, official_url, status) VALUES (186, '海西农林大学29', '二本', '浙江', '海西农林大学29是一所具有悠久历史的高等学府...', 'http://www.186.edu.cn', 1);
INSERT INTO university (id, name, level, region, intro, official_url, status) VALUES (187, '北辰财经大学', '一本', '江苏', '北辰财经大学是一所具有悠久历史的高等学府...', 'http://www.187.edu.cn', 1);
INSERT INTO university (id, name, level, region, intro, official_url, status) VALUES (188, '凤城财经大学30', '一本', '浙江', '凤城财经大学30是一所具有悠久历史的高等学府...', 'http://www.188.edu.cn', 1);
INSERT INTO university (id, name, level, region, intro, official_url, status) VALUES (189, '广川艺术大学31', '一本', '河南', '广川艺术大学31是一所具有悠久历史的高等学府...', 'http://www.189.edu.cn', 1);
INSERT INTO university (id, name, level, region, intro, official_url, status) VALUES (190, '西沧建筑大学', '一本', '广东', '西沧建筑大学是一所具有悠久历史的高等学府...', 'http://www.190.edu.cn', 1);
INSERT INTO university (id, name, level, region, intro, official_url, status) VALUES (191, '东岭理工大学', '双一流', '山东', '东岭理工大学是一所具有悠久历史的高等学府...', 'http://www.191.edu.cn', 1);
INSERT INTO university (id, name, level, region, intro, official_url, status) VALUES (192, '海西理工大学', '二本', '江苏', '海西理工大学是一所具有悠久历史的高等学府...', 'http://www.192.edu.cn', 1);
INSERT INTO university (id, name, level, region, intro, official_url, status) VALUES (193, '北辰艺术大学', '一本', '浙江', '北辰艺术大学是一所具有悠久历史的高等学府...', 'http://www.193.edu.cn', 1);
INSERT INTO university (id, name, level, region, intro, official_url, status) VALUES (194, '灵山交通大学32', '双一流', '河南', '灵山交通大学32是一所具有悠久历史的高等学府...', 'http://www.194.edu.cn', 1);
INSERT INTO university (id, name, level, region, intro, official_url, status) VALUES (195, '中云交通大学33', '双一流', '江苏', '中云交通大学33是一所具有悠久历史的高等学府...', 'http://www.195.edu.cn', 1);
INSERT INTO university (id, name, level, region, intro, official_url, status) VALUES (196, '白云工程大学', '双一流', '河南', '白云工程大学是一所具有悠久历史的高等学府...', 'http://www.196.edu.cn', 1);
INSERT INTO university (id, name, level, region, intro, official_url, status) VALUES (197, '洛水建筑大学34', '一本', '江苏', '洛水建筑大学34是一所具有悠久历史的高等学府...', 'http://www.197.edu.cn', 1);
INSERT INTO university (id, name, level, region, intro, official_url, status) VALUES (198, '龙江大学', '二本', '河南', '龙江大学是一所具有悠久历史的高等学府...', 'http://www.198.edu.cn', 1);
INSERT INTO university (id, name, level, region, intro, official_url, status) VALUES (199, '凤城工业大学', '二本', '江苏', '凤城工业大学是一所具有悠久历史的高等学府...', 'http://www.199.edu.cn', 1);
INSERT INTO university (id, name, level, region, intro, official_url, status) VALUES (200, '平阳交通大学35', '二本', '河南', '平阳交通大学35是一所具有悠久历史的高等学府...', 'http://www.200.edu.cn', 1);
INSERT INTO university (id, name, level, region, intro, official_url, status) VALUES (201, '青山工程大学', '二本', '河南', '青山工程大学是一所具有悠久历史的高等学府...', 'http://www.201.edu.cn', 1);
INSERT INTO university (id, name, level, region, intro, official_url, status) VALUES (202, '平阳交通大学36', '一本', '广东', '平阳交通大学36是一所具有悠久历史的高等学府...', 'http://www.202.edu.cn', 1);
INSERT INTO university (id, name, level, region, intro, official_url, status) VALUES (203, '高邮理工大学', '一本', '山东', '高邮理工大学是一所具有悠久历史的高等学府...', 'http://www.203.edu.cn', 1);
INSERT INTO university (id, name, level, region, intro, official_url, status) VALUES (204, '南华师范大学37', '双一流', '浙江', '南华师范大学37是一所具有悠久历史的高等学府...', 'http://www.204.edu.cn', 1);
INSERT INTO university (id, name, level, region, intro, official_url, status) VALUES (205, '宁海理工大学', '双一流', '广东', '宁海理工大学是一所具有悠久历史的高等学府...', 'http://www.205.edu.cn', 1);
INSERT INTO university (id, name, level, region, intro, official_url, status) VALUES (206, '临安科技大学', '一本', '浙江', '临安科技大学是一所具有悠久历史的高等学府...', 'http://www.206.edu.cn', 1);
INSERT INTO university (id, name, level, region, intro, official_url, status) VALUES (207, '海西建筑大学38', '一本', '河南', '海西建筑大学38是一所具有悠久历史的高等学府...', 'http://www.207.edu.cn', 1);
INSERT INTO university (id, name, level, region, intro, official_url, status) VALUES (208, '西沧理工大学', '一本', '河南', '西沧理工大学是一所具有悠久历史的高等学府...', 'http://www.208.edu.cn', 1);
INSERT INTO university (id, name, level, region, intro, official_url, status) VALUES (209, '中云工程大学', '双一流', '广东', '中云工程大学是一所具有悠久历史的高等学府...', 'http://www.209.edu.cn', 1);
INSERT INTO university (id, name, level, region, intro, official_url, status) VALUES (210, '定山交通大学', '双一流', '广东', '定山交通大学是一所具有悠久历史的高等学府...', 'http://www.210.edu.cn', 1);
INSERT INTO university (id, name, level, region, intro, official_url, status) VALUES (211, '平阳农林大学', '一本', '河南', '平阳农林大学是一所具有悠久历史的高等学府...', 'http://www.211.edu.cn', 1);
INSERT INTO university (id, name, level, region, intro, official_url, status) VALUES (212, '东岭理工大学39', '一本', '江苏', '东岭理工大学39是一所具有悠久历史的高等学府...', 'http://www.212.edu.cn', 1);
INSERT INTO university (id, name, level, region, intro, official_url, status) VALUES (213, '东岭轻工业大学', '双一流', '广东', '东岭轻工业大学是一所具有悠久历史的高等学府...', 'http://www.213.edu.cn', 1);
INSERT INTO university (id, name, level, region, intro, official_url, status) VALUES (214, '洛水农林大学40', '一本', '河南', '洛水农林大学40是一所具有悠久历史的高等学府...', 'http://www.214.edu.cn', 1);
INSERT INTO university (id, name, level, region, intro, official_url, status) VALUES (215, '南华理工大学41', '二本', '江苏', '南华理工大学41是一所具有悠久历史的高等学府...', 'http://www.215.edu.cn', 1);
INSERT INTO university (id, name, level, region, intro, official_url, status) VALUES (216, '星海交通大学42', '一本', '江苏', '星海交通大学42是一所具有悠久历史的高等学府...', 'http://www.216.edu.cn', 1);
INSERT INTO university (id, name, level, region, intro, official_url, status) VALUES (217, '白云大学43', '二本', '广东', '白云大学43是一所具有悠久历史的高等学府...', 'http://www.217.edu.cn', 1);
INSERT INTO university (id, name, level, region, intro, official_url, status) VALUES (218, '青山建筑大学', '二本', '江苏', '青山建筑大学是一所具有悠久历史的高等学府...', 'http://www.218.edu.cn', 1);
INSERT INTO university (id, name, level, region, intro, official_url, status) VALUES (219, '平阳大学44', '一本', '江苏', '平阳大学44是一所具有悠久历史的高等学府...', 'http://www.219.edu.cn', 1);
INSERT INTO university (id, name, level, region, intro, official_url, status) VALUES (220, '南华大学', '二本', '河南', '南华大学是一所具有悠久历史的高等学府...', 'http://www.220.edu.cn', 1);
INSERT INTO university (id, name, level, region, intro, official_url, status) VALUES (221, '漠北艺术大学45', '二本', '河南', '漠北艺术大学45是一所具有悠久历史的高等学府...', 'http://www.221.edu.cn', 1);
INSERT INTO university (id, name, level, region, intro, official_url, status) VALUES (222, '北辰艺术大学46', '一本', '江苏', '北辰艺术大学46是一所具有悠久历史的高等学府...', 'http://www.222.edu.cn', 1);
INSERT INTO university (id, name, level, region, intro, official_url, status) VALUES (223, '凤城工程大学', '双一流', '浙江', '凤城工程大学是一所具有悠久历史的高等学府...', 'http://www.223.edu.cn', 1);
INSERT INTO university (id, name, level, region, intro, official_url, status) VALUES (224, '东岭艺术大学', '二本', '广东', '东岭艺术大学是一所具有悠久历史的高等学府...', 'http://www.224.edu.cn', 1);
INSERT INTO university (id, name, level, region, intro, official_url, status) VALUES (225, '漠北农林大学', '一本', '江苏', '漠北农林大学是一所具有悠久历史的高等学府...', 'http://www.225.edu.cn', 1);
INSERT INTO university (id, name, level, region, intro, official_url, status) VALUES (226, '龙江科技大学47', '一本', '山东', '龙江科技大学47是一所具有悠久历史的高等学府...', 'http://www.226.edu.cn', 1);
INSERT INTO university (id, name, level, region, intro, official_url, status) VALUES (227, '南华农林大学48', '双一流', '河南', '南华农林大学48是一所具有悠久历史的高等学府...', 'http://www.227.edu.cn', 1);
INSERT INTO university (id, name, level, region, intro, official_url, status) VALUES (228, '高邮建筑大学', '二本', '山东', '高邮建筑大学是一所具有悠久历史的高等学府...', 'http://www.228.edu.cn', 1);
INSERT INTO university (id, name, level, region, intro, official_url, status) VALUES (229, '凤城理工大学49', '二本', '广东', '凤城理工大学49是一所具有悠久历史的高等学府...', 'http://www.229.edu.cn', 1);
INSERT INTO university (id, name, level, region, intro, official_url, status) VALUES (230, '灵山轻工业大学50', '一本', '江苏', '灵山轻工业大学50是一所具有悠久历史的高等学府...', 'http://www.230.edu.cn', 1);

-- Major (110 records)
INSERT INTO major (id, name, category, discipline, intro, university_id) VALUES (1, '计算机科学与技术', '工学', '计算机类', '计算机科学与技术专业致力于培养高素质人才...', 2);
INSERT INTO major (id, name, category, discipline, intro, university_id) VALUES (2, '人工智能', '工学', '计算机类', '人工智能专业致力于培养高素质人才...', 3);
INSERT INTO major (id, name, category, discipline, intro, university_id) VALUES (3, '软件工程', '工学', '计算机类', '软件工程专业致力于培养高素质人才...', 4);
INSERT INTO major (id, name, category, discipline, intro, university_id) VALUES (4, '大数据技术', '工学', '计算机类', '大数据技术专业致力于培养高素质人才...', 5);
INSERT INTO major (id, name, category, discipline, intro, university_id) VALUES (5, '电子信息工程', '工学', '电子信息类', '电子信息工程专业致力于培养高素质人才...', 6);
INSERT INTO major (id, name, category, discipline, intro, university_id) VALUES (6, '自动化', '工学', '自动化类', '自动化专业致力于培养高素质人才...', 7);
INSERT INTO major (id, name, category, discipline, intro, university_id) VALUES (7, '机械设计制造及其自动化', '工学', '机械类', '机械设计制造及其自动化专业致力于培养高素质人才...', 8);
INSERT INTO major (id, name, category, discipline, intro, university_id) VALUES (8, '法学', '法学', '法学类', '法学专业致力于培养高素质人才...', 9);
INSERT INTO major (id, name, category, discipline, intro, university_id) VALUES (9, '金融学', '经济学', '金融学类', '金融学专业致力于培养高素质人才...', 10);
INSERT INTO major (id, name, category, discipline, intro, university_id) VALUES (10, '经济学', '经济学', '经济学类', '经济学专业致力于培养高素质人才...', 11);
INSERT INTO major (id, name, category, discipline, intro, university_id) VALUES (11, '土木工程', '工学', '土木类', '土木工程专业致力于培养高素质人才...', 12);
INSERT INTO major (id, name, category, discipline, intro, university_id) VALUES (12, '临床医学', '医学', '临床医学类', '临床医学专业致力于培养高素质人才...', 13);
INSERT INTO major (id, name, category, discipline, intro, university_id) VALUES (13, '电气工程及其自动化', '工学', '电气类', '电气工程及其自动化专业致力于培养高素质人才...', 14);
INSERT INTO major (id, name, category, discipline, intro, university_id) VALUES (14, '通信工程', '工学', '电子信息类', '通信工程专业致力于培养高素质人才...', 15);
INSERT INTO major (id, name, category, discipline, intro, university_id) VALUES (15, '工商管理', '管理学', '工商管理类', '工商管理专业致力于培养高素质人才...', 16);
INSERT INTO major (id, name, category, discipline, intro, university_id) VALUES (16, '会计学', '管理学', '工商管理类', '会计学专业致力于培养高素质人才...', 17);
INSERT INTO major (id, name, category, discipline, intro, university_id) VALUES (17, '汉语言文学', '文学', '中国语言文学类', '汉语言文学专业致力于培养高素质人才...', 18);
INSERT INTO major (id, name, category, discipline, intro, university_id) VALUES (18, '英语', '文学', '外国语言文学类', '英语专业致力于培养高素质人才...', 19);
INSERT INTO major (id, name, category, discipline, intro, university_id) VALUES (19, '物理学', '理学', '物理学类', '物理学专业致力于培养高素质人才...', 20);
INSERT INTO major (id, name, category, discipline, intro, university_id) VALUES (20, '化学', '理学', '化学科学类', '化学专业致力于培养高素质人才...', 21);
INSERT INTO major (id, name, category, discipline, intro, university_id) VALUES (21, '环境工程', '管理学', '其他类别', '环境工程专业致力于培养高素质人才...', 22);
INSERT INTO major (id, name, category, discipline, intro, university_id) VALUES (22, '预防医学', '医学', '其他类别', '预防医学专业致力于培养高素质人才...', 23);
INSERT INTO major (id, name, category, discipline, intro, university_id) VALUES (23, '药学', '医学', '其他类别', '药学专业致力于培养高素质人才...', 24);
INSERT INTO major (id, name, category, discipline, intro, university_id) VALUES (24, '数学与应用数学', '理学', '其他类别', '数学与应用数学专业致力于培养高素质人才...', 25);
INSERT INTO major (id, name, category, discipline, intro, university_id) VALUES (25, '建筑学', '理学', '其他类别', '建筑学专业致力于培养高素质人才...', 26);
INSERT INTO major (id, name, category, discipline, intro, university_id) VALUES (26, '心理学', '工学', '其他类别', '心理学专业致力于培养高素质人才...', 27);
INSERT INTO major (id, name, category, discipline, intro, university_id) VALUES (27, '翻译', '理学', '其他类别', '翻译专业致力于培养高素质人才...', 28);
INSERT INTO major (id, name, category, discipline, intro, university_id) VALUES (28, '预防医学1', '理学', '其他类别', '预防医学1专业致力于培养高素质人才...', 29);
INSERT INTO major (id, name, category, discipline, intro, university_id) VALUES (29, '预防医学2', '管理学', '其他类别', '预防医学2专业致力于培养高素质人才...', 30);
INSERT INTO major (id, name, category, discipline, intro, university_id) VALUES (30, '统计学', '理学', '其他类别', '统计学专业致力于培养高素质人才...', 31);
INSERT INTO major (id, name, category, discipline, intro, university_id) VALUES (31, '材料科学与工程', '理学', '其他类别', '材料科学与工程专业致力于培养高素质人才...', 32);
INSERT INTO major (id, name, category, discipline, intro, university_id) VALUES (32, '预防医学3', '管理学', '其他类别', '预防医学3专业致力于培养高素质人才...', 33);
INSERT INTO major (id, name, category, discipline, intro, university_id) VALUES (33, '测绘工程', '医学', '其他类别', '测绘工程专业致力于培养高素质人才...', 34);
INSERT INTO major (id, name, category, discipline, intro, university_id) VALUES (34, '护理学', '管理学', '其他类别', '护理学专业致力于培养高素质人才...', 35);
INSERT INTO major (id, name, category, discipline, intro, university_id) VALUES (35, '测绘工程4', '工学', '其他类别', '测绘工程4专业致力于培养高素质人才...', 36);
INSERT INTO major (id, name, category, discipline, intro, university_id) VALUES (36, '环境工程5', '医学', '其他类别', '环境工程5专业致力于培养高素质人才...', 37);
INSERT INTO major (id, name, category, discipline, intro, university_id) VALUES (37, '材料科学与工程6', '理学', '其他类别', '材料科学与工程6专业致力于培养高素质人才...', 38);
INSERT INTO major (id, name, category, discipline, intro, university_id) VALUES (38, '心理学7', '管理学', '其他类别', '心理学7专业致力于培养高素质人才...', 39);
INSERT INTO major (id, name, category, discipline, intro, university_id) VALUES (39, '环境工程8', '工学', '其他类别', '环境工程8专业致力于培养高素质人才...', 40);
INSERT INTO major (id, name, category, discipline, intro, university_id) VALUES (40, '数学与应用数学9', '理学', '其他类别', '数学与应用数学9专业致力于培养高素质人才...', 41);
INSERT INTO major (id, name, category, discipline, intro, university_id) VALUES (41, '翻译10', '医学', '其他类别', '翻译10专业致力于培养高素质人才...', 42);
INSERT INTO major (id, name, category, discipline, intro, university_id) VALUES (42, '护理学11', '理学', '其他类别', '护理学11专业致力于培养高素质人才...', 43);
INSERT INTO major (id, name, category, discipline, intro, university_id) VALUES (43, '心理学12', '理学', '其他类别', '心理学12专业致力于培养高素质人才...', 44);
INSERT INTO major (id, name, category, discipline, intro, university_id) VALUES (44, '测绘工程13', '工学', '其他类别', '测绘工程13专业致力于培养高素质人才...', 45);
INSERT INTO major (id, name, category, discipline, intro, university_id) VALUES (45, '测绘工程14', '医学', '其他类别', '测绘工程14专业致力于培养高素质人才...', 46);
INSERT INTO major (id, name, category, discipline, intro, university_id) VALUES (46, '药学15', '理学', '其他类别', '药学15专业致力于培养高素质人才...', 47);
INSERT INTO major (id, name, category, discipline, intro, university_id) VALUES (47, '护理学16', '医学', '其他类别', '护理学16专业致力于培养高素质人才...', 48);
INSERT INTO major (id, name, category, discipline, intro, university_id) VALUES (48, '统计学17', '工学', '其他类别', '统计学17专业致力于培养高素质人才...', 49);
INSERT INTO major (id, name, category, discipline, intro, university_id) VALUES (49, '心理学18', '工学', '其他类别', '心理学18专业致力于培养高素质人才...', 50);
INSERT INTO major (id, name, category, discipline, intro, university_id) VALUES (50, '翻译19', '工学', '其他类别', '翻译19专业致力于培养高素质人才...', 51);
INSERT INTO major (id, name, category, discipline, intro, university_id) VALUES (51, '药学20', '理学', '其他类别', '药学20专业致力于培养高素质人才...', 52);
INSERT INTO major (id, name, category, discipline, intro, university_id) VALUES (52, '环境工程21', '工学', '其他类别', '环境工程21专业致力于培养高素质人才...', 53);
INSERT INTO major (id, name, category, discipline, intro, university_id) VALUES (53, '药学22', '工学', '其他类别', '药学22专业致力于培养高素质人才...', 54);
INSERT INTO major (id, name, category, discipline, intro, university_id) VALUES (54, '社会学', '工学', '其他类别', '社会学专业致力于培养高素质人才...', 55);
INSERT INTO major (id, name, category, discipline, intro, university_id) VALUES (55, '心理学23', '管理学', '其他类别', '心理学23专业致力于培养高素质人才...', 56);
INSERT INTO major (id, name, category, discipline, intro, university_id) VALUES (56, '统计学24', '医学', '其他类别', '统计学24专业致力于培养高素质人才...', 57);
INSERT INTO major (id, name, category, discipline, intro, university_id) VALUES (57, '测绘工程25', '理学', '其他类别', '测绘工程25专业致力于培养高素质人才...', 58);
INSERT INTO major (id, name, category, discipline, intro, university_id) VALUES (58, '统计学26', '理学', '其他类别', '统计学26专业致力于培养高素质人才...', 59);
INSERT INTO major (id, name, category, discipline, intro, university_id) VALUES (59, '社会学27', '管理学', '其他类别', '社会学27专业致力于培养高素质人才...', 60);
INSERT INTO major (id, name, category, discipline, intro, university_id) VALUES (60, '环境工程28', '理学', '其他类别', '环境工程28专业致力于培养高素质人才...', 61);
INSERT INTO major (id, name, category, discipline, intro, university_id) VALUES (61, '心理学29', '理学', '其他类别', '心理学29专业致力于培养高素质人才...', 62);
INSERT INTO major (id, name, category, discipline, intro, university_id) VALUES (62, '预防医学30', '工学', '其他类别', '预防医学30专业致力于培养高素质人才...', 63);
INSERT INTO major (id, name, category, discipline, intro, university_id) VALUES (63, '护理学31', '管理学', '其他类别', '护理学31专业致力于培养高素质人才...', 64);
INSERT INTO major (id, name, category, discipline, intro, university_id) VALUES (64, '药学32', '理学', '其他类别', '药学32专业致力于培养高素质人才...', 65);
INSERT INTO major (id, name, category, discipline, intro, university_id) VALUES (65, '预防医学33', '工学', '其他类别', '预防医学33专业致力于培养高素质人才...', 66);
INSERT INTO major (id, name, category, discipline, intro, university_id) VALUES (66, '翻译34', '工学', '其他类别', '翻译34专业致力于培养高素质人才...', 67);
INSERT INTO major (id, name, category, discipline, intro, university_id) VALUES (67, '护理学35', '医学', '其他类别', '护理学35专业致力于培养高素质人才...', 68);
INSERT INTO major (id, name, category, discipline, intro, university_id) VALUES (68, '数学与应用数学36', '工学', '其他类别', '数学与应用数学36专业致力于培养高素质人才...', 69);
INSERT INTO major (id, name, category, discipline, intro, university_id) VALUES (69, '心理学37', '理学', '其他类别', '心理学37专业致力于培养高素质人才...', 70);
INSERT INTO major (id, name, category, discipline, intro, university_id) VALUES (70, '心理学38', '工学', '其他类别', '心理学38专业致力于培养高素质人才...', 71);
INSERT INTO major (id, name, category, discipline, intro, university_id) VALUES (71, '护理学39', '理学', '其他类别', '护理学39专业致力于培养高素质人才...', 72);
INSERT INTO major (id, name, category, discipline, intro, university_id) VALUES (72, '材料科学与工程40', '理学', '其他类别', '材料科学与工程40专业致力于培养高素质人才...', 73);
INSERT INTO major (id, name, category, discipline, intro, university_id) VALUES (73, '材料科学与工程41', '工学', '其他类别', '材料科学与工程41专业致力于培养高素质人才...', 74);
INSERT INTO major (id, name, category, discipline, intro, university_id) VALUES (74, '环境工程42', '工学', '其他类别', '环境工程42专业致力于培养高素质人才...', 75);
INSERT INTO major (id, name, category, discipline, intro, university_id) VALUES (75, '统计学43', '理学', '其他类别', '统计学43专业致力于培养高素质人才...', 76);
INSERT INTO major (id, name, category, discipline, intro, university_id) VALUES (76, '建筑学44', '管理学', '其他类别', '建筑学44专业致力于培养高素质人才...', 77);
INSERT INTO major (id, name, category, discipline, intro, university_id) VALUES (77, '心理学45', '医学', '其他类别', '心理学45专业致力于培养高素质人才...', 78);
INSERT INTO major (id, name, category, discipline, intro, university_id) VALUES (78, '建筑学46', '理学', '其他类别', '建筑学46专业致力于培养高素质人才...', 79);
INSERT INTO major (id, name, category, discipline, intro, university_id) VALUES (79, '药学47', '工学', '其他类别', '药学47专业致力于培养高素质人才...', 80);
INSERT INTO major (id, name, category, discipline, intro, university_id) VALUES (80, '测绘工程48', '管理学', '其他类别', '测绘工程48专业致力于培养高素质人才...', 81);
INSERT INTO major (id, name, category, discipline, intro, university_id) VALUES (81, '环境工程49', '管理学', '其他类别', '环境工程49专业致力于培养高素质人才...', 82);
INSERT INTO major (id, name, category, discipline, intro, university_id) VALUES (82, '护理学50', '理学', '其他类别', '护理学50专业致力于培养高素质人才...', 83);
INSERT INTO major (id, name, category, discipline, intro, university_id) VALUES (83, '翻译51', '管理学', '其他类别', '翻译51专业致力于培养高素质人才...', 84);
INSERT INTO major (id, name, category, discipline, intro, university_id) VALUES (84, '建筑学52', '管理学', '其他类别', '建筑学52专业致力于培养高素质人才...', 85);
INSERT INTO major (id, name, category, discipline, intro, university_id) VALUES (85, '建筑学53', '管理学', '其他类别', '建筑学53专业致力于培养高素质人才...', 86);
INSERT INTO major (id, name, category, discipline, intro, university_id) VALUES (86, '翻译54', '工学', '其他类别', '翻译54专业致力于培养高素质人才...', 87);
INSERT INTO major (id, name, category, discipline, intro, university_id) VALUES (87, '环境工程55', '工学', '其他类别', '环境工程55专业致力于培养高素质人才...', 88);
INSERT INTO major (id, name, category, discipline, intro, university_id) VALUES (88, '预防医学56', '理学', '其他类别', '预防医学56专业致力于培养高素质人才...', 89);
INSERT INTO major (id, name, category, discipline, intro, university_id) VALUES (89, '药学57', '医学', '其他类别', '药学57专业致力于培养高素质人才...', 90);
INSERT INTO major (id, name, category, discipline, intro, university_id) VALUES (90, '药学58', '理学', '其他类别', '药学58专业致力于培养高素质人才...', 91);
INSERT INTO major (id, name, category, discipline, intro, university_id) VALUES (91, '建筑学59', '医学', '其他类别', '建筑学59专业致力于培养高素质人才...', 92);
INSERT INTO major (id, name, category, discipline, intro, university_id) VALUES (92, '预防医学60', '工学', '其他类别', '预防医学60专业致力于培养高素质人才...', 93);
INSERT INTO major (id, name, category, discipline, intro, university_id) VALUES (93, '药学61', '医学', '其他类别', '药学61专业致力于培养高素质人才...', 94);
INSERT INTO major (id, name, category, discipline, intro, university_id) VALUES (94, '环境工程62', '管理学', '其他类别', '环境工程62专业致力于培养高素质人才...', 95);
INSERT INTO major (id, name, category, discipline, intro, university_id) VALUES (95, '数学与应用数学63', '理学', '其他类别', '数学与应用数学63专业致力于培养高素质人才...', 96);
INSERT INTO major (id, name, category, discipline, intro, university_id) VALUES (96, '护理学64', '管理学', '其他类别', '护理学64专业致力于培养高素质人才...', 97);
INSERT INTO major (id, name, category, discipline, intro, university_id) VALUES (97, '建筑学65', '工学', '其他类别', '建筑学65专业致力于培养高素质人才...', 98);
INSERT INTO major (id, name, category, discipline, intro, university_id) VALUES (98, '社会学66', '医学', '其他类别', '社会学66专业致力于培养高素质人才...', 99);
INSERT INTO major (id, name, category, discipline, intro, university_id) VALUES (99, '测绘工程67', '管理学', '其他类别', '测绘工程67专业致力于培养高素质人才...', 100);
INSERT INTO major (id, name, category, discipline, intro, university_id) VALUES (100, '统计学68', '管理学', '其他类别', '统计学68专业致力于培养高素质人才...', 101);
INSERT INTO major (id, name, category, discipline, intro, university_id) VALUES (101, '护理学69', '工学', '其他类别', '护理学69专业致力于培养高素质人才...', 102);
INSERT INTO major (id, name, category, discipline, intro, university_id) VALUES (102, '翻译70', '医学', '其他类别', '翻译70专业致力于培养高素质人才...', 103);
INSERT INTO major (id, name, category, discipline, intro, university_id) VALUES (103, '预防医学71', '管理学', '其他类别', '预防医学71专业致力于培养高素质人才...', 104);
INSERT INTO major (id, name, category, discipline, intro, university_id) VALUES (104, '统计学72', '医学', '其他类别', '统计学72专业致力于培养高素质人才...', 105);
INSERT INTO major (id, name, category, discipline, intro, university_id) VALUES (105, '材料科学与工程73', '管理学', '其他类别', '材料科学与工程73专业致力于培养高素质人才...', 106);
INSERT INTO major (id, name, category, discipline, intro, university_id) VALUES (106, '药学74', '理学', '其他类别', '药学74专业致力于培养高素质人才...', 107);
INSERT INTO major (id, name, category, discipline, intro, university_id) VALUES (107, '翻译75', '工学', '其他类别', '翻译75专业致力于培养高素质人才...', 108);
INSERT INTO major (id, name, category, discipline, intro, university_id) VALUES (108, '社会学76', '理学', '其他类别', '社会学76专业致力于培养高素质人才...', 109);
INSERT INTO major (id, name, category, discipline, intro, university_id) VALUES (109, '环境工程77', '理学', '其他类别', '环境工程77专业致力于培养高素质人才...', 110);
INSERT INTO major (id, name, category, discipline, intro, university_id) VALUES (110, '测绘工程78', '理学', '其他类别', '测绘工程78专业致力于培养高素质人才...', 111);

-- Admission Score (2500 records)
INSERT INTO admission_score (id, university_id, major_id, year, province, min_score, min_rank, avg_score, plan_num, status) VALUES (1, 1, 56, 2022, '山东', 630, 7083, 635, 49, 1);
INSERT INTO admission_score (id, university_id, major_id, year, province, min_score, min_rank, avg_score, plan_num, status) VALUES (2, 1, 37, 2022, '广东', 616, 8463, 621, 13, 1);
INSERT INTO admission_score (id, university_id, major_id, year, province, min_score, min_rank, avg_score, plan_num, status) VALUES (3, 1, 6, 2022, '河南', 609, 9197, 614, 31, 1);
INSERT INTO admission_score (id, university_id, major_id, year, province, min_score, min_rank, avg_score, plan_num, status) VALUES (4, 1, 18, 2023, '山东', 613, 8786, 618, 39, 1);
INSERT INTO admission_score (id, university_id, major_id, year, province, min_score, min_rank, avg_score, plan_num, status) VALUES (5, 1, 37, 2023, '广东', 680, 2013, 685, 17, 1);
INSERT INTO admission_score (id, university_id, major_id, year, province, min_score, min_rank, avg_score, plan_num, status) VALUES (6, 1, 108, 2023, '湖北', 626, 7454, 631, 41, 1);
INSERT INTO admission_score (id, university_id, major_id, year, province, min_score, min_rank, avg_score, plan_num, status) VALUES (7, 2, 92, 2022, '江苏', 635, 6512, 640, 27, 1);
INSERT INTO admission_score (id, university_id, major_id, year, province, min_score, min_rank, avg_score, plan_num, status) VALUES (8, 2, 110, 2022, '北京', 568, 13219, 573, 38, 1);
INSERT INTO admission_score (id, university_id, major_id, year, province, min_score, min_rank, avg_score, plan_num, status) VALUES (9, 2, 34, 2022, '湖北', 649, 5141, 654, 18, 1);
INSERT INTO admission_score (id, university_id, major_id, year, province, min_score, min_rank, avg_score, plan_num, status) VALUES (10, 2, 76, 2023, '浙江', 572, 12893, 577, 35, 1);
INSERT INTO admission_score (id, university_id, major_id, year, province, min_score, min_rank, avg_score, plan_num, status) VALUES (11, 2, 60, 2023, '广东', 668, 3239, 673, 17, 1);
INSERT INTO admission_score (id, university_id, major_id, year, province, min_score, min_rank, avg_score, plan_num, status) VALUES (12, 2, 61, 2023, '四川', 652, 4857, 657, 25, 1);
INSERT INTO admission_score (id, university_id, major_id, year, province, min_score, min_rank, avg_score, plan_num, status) VALUES (13, 3, 50, 2022, '山东', 611, 8985, 616, 42, 1);
INSERT INTO admission_score (id, university_id, major_id, year, province, min_score, min_rank, avg_score, plan_num, status) VALUES (14, 3, 32, 2022, '江苏', 626, 7480, 631, 32, 1);
INSERT INTO admission_score (id, university_id, major_id, year, province, min_score, min_rank, avg_score, plan_num, status) VALUES (15, 3, 102, 2022, '河南', 594, 10698, 599, 17, 1);
INSERT INTO admission_score (id, university_id, major_id, year, province, min_score, min_rank, avg_score, plan_num, status) VALUES (16, 3, 82, 2023, '广东', 680, 2062, 685, 37, 1);
INSERT INTO admission_score (id, university_id, major_id, year, province, min_score, min_rank, avg_score, plan_num, status) VALUES (17, 3, 70, 2023, '湖北', 597, 10338, 602, 23, 1);
INSERT INTO admission_score (id, university_id, major_id, year, province, min_score, min_rank, avg_score, plan_num, status) VALUES (18, 3, 68, 2023, '北京', 658, 4277, 663, 26, 1);
INSERT INTO admission_score (id, university_id, major_id, year, province, min_score, min_rank, avg_score, plan_num, status) VALUES (19, 4, 28, 2022, '江苏', 648, 5205, 653, 18, 1);
INSERT INTO admission_score (id, university_id, major_id, year, province, min_score, min_rank, avg_score, plan_num, status) VALUES (20, 4, 53, 2022, '河南', 611, 8996, 616, 40, 1);
INSERT INTO admission_score (id, university_id, major_id, year, province, min_score, min_rank, avg_score, plan_num, status) VALUES (21, 4, 104, 2022, '北京', 613, 8710, 618, 10, 1);
INSERT INTO admission_score (id, university_id, major_id, year, province, min_score, min_rank, avg_score, plan_num, status) VALUES (22, 4, 12, 2023, '江苏', 585, 11561, 590, 13, 1);
INSERT INTO admission_score (id, university_id, major_id, year, province, min_score, min_rank, avg_score, plan_num, status) VALUES (23, 4, 52, 2023, '湖北', 590, 11025, 595, 13, 1);
INSERT INTO admission_score (id, university_id, major_id, year, province, min_score, min_rank, avg_score, plan_num, status) VALUES (24, 4, 73, 2023, '四川', 657, 4372, 662, 20, 1);
INSERT INTO admission_score (id, university_id, major_id, year, province, min_score, min_rank, avg_score, plan_num, status) VALUES (25, 5, 72, 2022, '广东', 617, 8384, 622, 19, 1);
INSERT INTO admission_score (id, university_id, major_id, year, province, min_score, min_rank, avg_score, plan_num, status) VALUES (26, 5, 92, 2022, '四川', 562, 13890, 567, 24, 1);
INSERT INTO admission_score (id, university_id, major_id, year, province, min_score, min_rank, avg_score, plan_num, status) VALUES (27, 5, 91, 2022, '河南', 583, 11742, 588, 42, 1);
INSERT INTO admission_score (id, university_id, major_id, year, province, min_score, min_rank, avg_score, plan_num, status) VALUES (28, 5, 10, 2023, '四川', 552, 14849, 557, 46, 1);
INSERT INTO admission_score (id, university_id, major_id, year, province, min_score, min_rank, avg_score, plan_num, status) VALUES (29, 5, 11, 2023, '山东', 611, 8901, 616, 23, 1);
INSERT INTO admission_score (id, university_id, major_id, year, province, min_score, min_rank, avg_score, plan_num, status) VALUES (30, 5, 86, 2023, '江苏', 661, 3970, 666, 11, 1);
INSERT INTO admission_score (id, university_id, major_id, year, province, min_score, min_rank, avg_score, plan_num, status) VALUES (31, 6, 29, 2022, '山东', 666, 3409, 671, 27, 1);
INSERT INTO admission_score (id, university_id, major_id, year, province, min_score, min_rank, avg_score, plan_num, status) VALUES (32, 6, 77, 2022, '四川', 627, 7365, 632, 19, 1);
INSERT INTO admission_score (id, university_id, major_id, year, province, min_score, min_rank, avg_score, plan_num, status) VALUES (33, 6, 107, 2022, '湖北', 650, 5079, 655, 22, 1);
INSERT INTO admission_score (id, university_id, major_id, year, province, min_score, min_rank, avg_score, plan_num, status) VALUES (34, 6, 27, 2023, '江苏', 648, 5229, 653, 30, 1);
INSERT INTO admission_score (id, university_id, major_id, year, province, min_score, min_rank, avg_score, plan_num, status) VALUES (35, 6, 4, 2023, '山东', 637, 6396, 642, 42, 1);
INSERT INTO admission_score (id, university_id, major_id, year, province, min_score, min_rank, avg_score, plan_num, status) VALUES (36, 6, 81, 2023, '浙江', 554, 14668, 559, 22, 1);
INSERT INTO admission_score (id, university_id, major_id, year, province, min_score, min_rank, avg_score, plan_num, status) VALUES (37, 7, 20, 2022, '北京', 658, 4219, 663, 18, 1);
INSERT INTO admission_score (id, university_id, major_id, year, province, min_score, min_rank, avg_score, plan_num, status) VALUES (38, 7, 36, 2022, '浙江', 654, 4677, 659, 35, 1);
INSERT INTO admission_score (id, university_id, major_id, year, province, min_score, min_rank, avg_score, plan_num, status) VALUES (39, 7, 1, 2022, '湖北', 574, 12602, 579, 17, 1);
INSERT INTO admission_score (id, university_id, major_id, year, province, min_score, min_rank, avg_score, plan_num, status) VALUES (40, 7, 81, 2023, '北京', 564, 13619, 569, 47, 1);
INSERT INTO admission_score (id, university_id, major_id, year, province, min_score, min_rank, avg_score, plan_num, status) VALUES (41, 7, 86, 2023, '山东', 597, 10316, 602, 46, 1);
INSERT INTO admission_score (id, university_id, major_id, year, province, min_score, min_rank, avg_score, plan_num, status) VALUES (42, 7, 34, 2023, '湖北', 584, 11699, 589, 11, 1);
INSERT INTO admission_score (id, university_id, major_id, year, province, min_score, min_rank, avg_score, plan_num, status) VALUES (43, 8, 13, 2022, '山东', 677, 2330, 682, 47, 1);
INSERT INTO admission_score (id, university_id, major_id, year, province, min_score, min_rank, avg_score, plan_num, status) VALUES (44, 8, 43, 2022, '四川', 577, 12364, 582, 26, 1);
INSERT INTO admission_score (id, university_id, major_id, year, province, min_score, min_rank, avg_score, plan_num, status) VALUES (45, 8, 40, 2022, '浙江', 560, 14070, 565, 20, 1);
INSERT INTO admission_score (id, university_id, major_id, year, province, min_score, min_rank, avg_score, plan_num, status) VALUES (46, 8, 33, 2023, '广东', 602, 9897, 607, 40, 1);
INSERT INTO admission_score (id, university_id, major_id, year, province, min_score, min_rank, avg_score, plan_num, status) VALUES (47, 8, 22, 2023, '江苏', 586, 11475, 591, 50, 1);
INSERT INTO admission_score (id, university_id, major_id, year, province, min_score, min_rank, avg_score, plan_num, status) VALUES (48, 8, 24, 2023, '北京', 573, 12773, 578, 24, 1);
INSERT INTO admission_score (id, university_id, major_id, year, province, min_score, min_rank, avg_score, plan_num, status) VALUES (49, 9, 93, 2022, '江苏', 574, 12640, 579, 50, 1);
INSERT INTO admission_score (id, university_id, major_id, year, province, min_score, min_rank, avg_score, plan_num, status) VALUES (50, 9, 76, 2022, '四川', 583, 11720, 588, 27, 1);
INSERT INTO admission_score (id, university_id, major_id, year, province, min_score, min_rank, avg_score, plan_num, status) VALUES (51, 9, 70, 2022, '河南', 616, 8411, 621, 13, 1);
INSERT INTO admission_score (id, university_id, major_id, year, province, min_score, min_rank, avg_score, plan_num, status) VALUES (52, 9, 74, 2023, '湖北', 597, 10389, 602, 36, 1);
INSERT INTO admission_score (id, university_id, major_id, year, province, min_score, min_rank, avg_score, plan_num, status) VALUES (53, 9, 70, 2023, '山东', 680, 2034, 685, 10, 1);
INSERT INTO admission_score (id, university_id, major_id, year, province, min_score, min_rank, avg_score, plan_num, status) VALUES (54, 9, 15, 2023, '江苏', 619, 8114, 624, 28, 1);
INSERT INTO admission_score (id, university_id, major_id, year, province, min_score, min_rank, avg_score, plan_num, status) VALUES (55, 10, 86, 2022, '山东', 570, 13018, 575, 42, 1);
INSERT INTO admission_score (id, university_id, major_id, year, province, min_score, min_rank, avg_score, plan_num, status) VALUES (56, 10, 101, 2022, '河南', 625, 7564, 630, 10, 1);
INSERT INTO admission_score (id, university_id, major_id, year, province, min_score, min_rank, avg_score, plan_num, status) VALUES (57, 10, 48, 2022, '北京', 663, 3711, 668, 32, 1);
INSERT INTO admission_score (id, university_id, major_id, year, province, min_score, min_rank, avg_score, plan_num, status) VALUES (58, 10, 3, 2023, '四川', 655, 4503, 660, 10, 1);
INSERT INTO admission_score (id, university_id, major_id, year, province, min_score, min_rank, avg_score, plan_num, status) VALUES (59, 10, 23, 2023, '浙江', 587, 11320, 592, 34, 1);
INSERT INTO admission_score (id, university_id, major_id, year, province, min_score, min_rank, avg_score, plan_num, status) VALUES (60, 10, 100, 2023, '广东', 630, 7049, 635, 28, 1);
INSERT INTO admission_score (id, university_id, major_id, year, province, min_score, min_rank, avg_score, plan_num, status) VALUES (61, 11, 90, 2022, '河南', 617, 8349, 622, 46, 1);
INSERT INTO admission_score (id, university_id, major_id, year, province, min_score, min_rank, avg_score, plan_num, status) VALUES (62, 11, 66, 2022, '山东', 577, 12328, 582, 48, 1);
INSERT INTO admission_score (id, university_id, major_id, year, province, min_score, min_rank, avg_score, plan_num, status) VALUES (63, 11, 3, 2022, '湖北', 556, 14499, 561, 20, 1);
INSERT INTO admission_score (id, university_id, major_id, year, province, min_score, min_rank, avg_score, plan_num, status) VALUES (64, 11, 1, 2023, '湖北', 581, 11917, 586, 17, 1);
INSERT INTO admission_score (id, university_id, major_id, year, province, min_score, min_rank, avg_score, plan_num, status) VALUES (65, 11, 72, 2023, '北京', 592, 10868, 597, 10, 1);
INSERT INTO admission_score (id, university_id, major_id, year, province, min_score, min_rank, avg_score, plan_num, status) VALUES (66, 11, 75, 2023, '山东', 593, 10786, 598, 30, 1);
INSERT INTO admission_score (id, university_id, major_id, year, province, min_score, min_rank, avg_score, plan_num, status) VALUES (67, 12, 35, 2022, '江苏', 604, 9679, 609, 24, 1);
INSERT INTO admission_score (id, university_id, major_id, year, province, min_score, min_rank, avg_score, plan_num, status) VALUES (68, 12, 56, 2022, '山东', 657, 4348, 662, 11, 1);
INSERT INTO admission_score (id, university_id, major_id, year, province, min_score, min_rank, avg_score, plan_num, status) VALUES (69, 12, 4, 2022, '湖北', 594, 10614, 599, 27, 1);
INSERT INTO admission_score (id, university_id, major_id, year, province, min_score, min_rank, avg_score, plan_num, status) VALUES (70, 12, 88, 2023, '四川', 668, 3299, 673, 25, 1);
INSERT INTO admission_score (id, university_id, major_id, year, province, min_score, min_rank, avg_score, plan_num, status) VALUES (71, 12, 14, 2023, '河南', 550, 15011, 555, 46, 1);
INSERT INTO admission_score (id, university_id, major_id, year, province, min_score, min_rank, avg_score, plan_num, status) VALUES (72, 12, 47, 2023, '湖北', 648, 5244, 653, 37, 1);
INSERT INTO admission_score (id, university_id, major_id, year, province, min_score, min_rank, avg_score, plan_num, status) VALUES (73, 13, 11, 2022, '浙江', 620, 8022, 625, 42, 1);
INSERT INTO admission_score (id, university_id, major_id, year, province, min_score, min_rank, avg_score, plan_num, status) VALUES (74, 13, 40, 2022, '山东', 565, 13588, 570, 28, 1);
INSERT INTO admission_score (id, university_id, major_id, year, province, min_score, min_rank, avg_score, plan_num, status) VALUES (75, 13, 82, 2022, '北京', 582, 11841, 587, 38, 1);
INSERT INTO admission_score (id, university_id, major_id, year, province, min_score, min_rank, avg_score, plan_num, status) VALUES (76, 13, 10, 2023, '浙江', 642, 5816, 647, 36, 1);
INSERT INTO admission_score (id, university_id, major_id, year, province, min_score, min_rank, avg_score, plan_num, status) VALUES (77, 13, 83, 2023, '江苏', 679, 2178, 684, 26, 1);
INSERT INTO admission_score (id, university_id, major_id, year, province, min_score, min_rank, avg_score, plan_num, status) VALUES (78, 13, 60, 2023, '湖北', 555, 14569, 560, 13, 1);
INSERT INTO admission_score (id, university_id, major_id, year, province, min_score, min_rank, avg_score, plan_num, status) VALUES (79, 14, 72, 2022, '浙江', 671, 2913, 676, 50, 1);
INSERT INTO admission_score (id, university_id, major_id, year, province, min_score, min_rank, avg_score, plan_num, status) VALUES (80, 14, 98, 2022, '河南', 675, 2506, 680, 34, 1);
INSERT INTO admission_score (id, university_id, major_id, year, province, min_score, min_rank, avg_score, plan_num, status) VALUES (81, 14, 85, 2022, '广东', 619, 8112, 624, 23, 1);
INSERT INTO admission_score (id, university_id, major_id, year, province, min_score, min_rank, avg_score, plan_num, status) VALUES (82, 14, 100, 2023, '山东', 638, 6235, 643, 18, 1);
INSERT INTO admission_score (id, university_id, major_id, year, province, min_score, min_rank, avg_score, plan_num, status) VALUES (83, 14, 20, 2023, '广东', 656, 4414, 661, 48, 1);
INSERT INTO admission_score (id, university_id, major_id, year, province, min_score, min_rank, avg_score, plan_num, status) VALUES (84, 14, 70, 2023, '北京', 679, 2160, 684, 42, 1);
INSERT INTO admission_score (id, university_id, major_id, year, province, min_score, min_rank, avg_score, plan_num, status) VALUES (85, 15, 30, 2022, '四川', 552, 14831, 557, 18, 1);
INSERT INTO admission_score (id, university_id, major_id, year, province, min_score, min_rank, avg_score, plan_num, status) VALUES (86, 15, 98, 2022, '河南', 609, 9176, 614, 20, 1);
INSERT INTO admission_score (id, university_id, major_id, year, province, min_score, min_rank, avg_score, plan_num, status) VALUES (87, 15, 44, 2022, '北京', 592, 10875, 597, 33, 1);
INSERT INTO admission_score (id, university_id, major_id, year, province, min_score, min_rank, avg_score, plan_num, status) VALUES (88, 15, 72, 2023, '北京', 573, 12784, 578, 49, 1);
INSERT INTO admission_score (id, university_id, major_id, year, province, min_score, min_rank, avg_score, plan_num, status) VALUES (89, 15, 48, 2023, '四川', 629, 7168, 634, 19, 1);
INSERT INTO admission_score (id, university_id, major_id, year, province, min_score, min_rank, avg_score, plan_num, status) VALUES (90, 15, 17, 2023, '山东', 648, 5279, 653, 19, 1);
INSERT INTO admission_score (id, university_id, major_id, year, province, min_score, min_rank, avg_score, plan_num, status) VALUES (91, 16, 49, 2022, '北京', 598, 10249, 603, 24, 1);
INSERT INTO admission_score (id, university_id, major_id, year, province, min_score, min_rank, avg_score, plan_num, status) VALUES (92, 16, 29, 2022, '浙江', 586, 11474, 591, 26, 1);
INSERT INTO admission_score (id, university_id, major_id, year, province, min_score, min_rank, avg_score, plan_num, status) VALUES (93, 16, 78, 2022, '广东', 628, 7298, 633, 45, 1);
INSERT INTO admission_score (id, university_id, major_id, year, province, min_score, min_rank, avg_score, plan_num, status) VALUES (94, 16, 50, 2023, '广东', 654, 4616, 659, 32, 1);
INSERT INTO admission_score (id, university_id, major_id, year, province, min_score, min_rank, avg_score, plan_num, status) VALUES (95, 16, 72, 2023, '湖北', 663, 3800, 668, 24, 1);
INSERT INTO admission_score (id, university_id, major_id, year, province, min_score, min_rank, avg_score, plan_num, status) VALUES (96, 16, 32, 2023, '浙江', 570, 13060, 575, 33, 1);
INSERT INTO admission_score (id, university_id, major_id, year, province, min_score, min_rank, avg_score, plan_num, status) VALUES (97, 17, 10, 2022, '江苏', 630, 7052, 635, 29, 1);
INSERT INTO admission_score (id, university_id, major_id, year, province, min_score, min_rank, avg_score, plan_num, status) VALUES (98, 17, 38, 2022, '河南', 671, 2917, 676, 45, 1);
INSERT INTO admission_score (id, university_id, major_id, year, province, min_score, min_rank, avg_score, plan_num, status) VALUES (99, 17, 81, 2022, '浙江', 670, 3078, 675, 15, 1);
INSERT INTO admission_score (id, university_id, major_id, year, province, min_score, min_rank, avg_score, plan_num, status) VALUES (100, 17, 46, 2023, '湖北', 560, 14007, 565, 16, 1);
INSERT INTO admission_score (id, university_id, major_id, year, province, min_score, min_rank, avg_score, plan_num, status) VALUES (101, 17, 58, 2023, '四川', 583, 11770, 588, 24, 1);
INSERT INTO admission_score (id, university_id, major_id, year, province, min_score, min_rank, avg_score, plan_num, status) VALUES (102, 17, 20, 2023, '浙江', 585, 11535, 590, 49, 1);
INSERT INTO admission_score (id, university_id, major_id, year, province, min_score, min_rank, avg_score, plan_num, status) VALUES (103, 18, 23, 2022, '北京', 586, 11468, 591, 23, 1);
INSERT INTO admission_score (id, university_id, major_id, year, province, min_score, min_rank, avg_score, plan_num, status) VALUES (104, 18, 40, 2022, '江苏', 578, 12283, 583, 39, 1);
INSERT INTO admission_score (id, university_id, major_id, year, province, min_score, min_rank, avg_score, plan_num, status) VALUES (105, 18, 35, 2022, '河南', 655, 4588, 660, 25, 1);
INSERT INTO admission_score (id, university_id, major_id, year, province, min_score, min_rank, avg_score, plan_num, status) VALUES (106, 18, 92, 2023, '浙江', 573, 12770, 578, 17, 1);
INSERT INTO admission_score (id, university_id, major_id, year, province, min_score, min_rank, avg_score, plan_num, status) VALUES (107, 18, 60, 2023, '湖北', 550, 15014, 555, 16, 1);
INSERT INTO admission_score (id, university_id, major_id, year, province, min_score, min_rank, avg_score, plan_num, status) VALUES (108, 18, 50, 2023, '北京', 628, 7214, 633, 27, 1);
INSERT INTO admission_score (id, university_id, major_id, year, province, min_score, min_rank, avg_score, plan_num, status) VALUES (109, 19, 71, 2022, '北京', 587, 11322, 592, 49, 1);
INSERT INTO admission_score (id, university_id, major_id, year, province, min_score, min_rank, avg_score, plan_num, status) VALUES (110, 19, 74, 2022, '四川', 665, 3573, 670, 42, 1);
INSERT INTO admission_score (id, university_id, major_id, year, province, min_score, min_rank, avg_score, plan_num, status) VALUES (111, 19, 27, 2022, '江苏', 646, 5457, 651, 33, 1);
INSERT INTO admission_score (id, university_id, major_id, year, province, min_score, min_rank, avg_score, plan_num, status) VALUES (112, 19, 79, 2023, '四川', 619, 8135, 624, 35, 1);
INSERT INTO admission_score (id, university_id, major_id, year, province, min_score, min_rank, avg_score, plan_num, status) VALUES (113, 19, 91, 2023, '湖北', 586, 11401, 591, 31, 1);
INSERT INTO admission_score (id, university_id, major_id, year, province, min_score, min_rank, avg_score, plan_num, status) VALUES (114, 19, 23, 2023, '北京', 617, 8343, 622, 29, 1);
INSERT INTO admission_score (id, university_id, major_id, year, province, min_score, min_rank, avg_score, plan_num, status) VALUES (115, 20, 5, 2022, '四川', 568, 13287, 573, 39, 1);
INSERT INTO admission_score (id, university_id, major_id, year, province, min_score, min_rank, avg_score, plan_num, status) VALUES (116, 20, 2, 2022, '广东', 611, 8997, 616, 16, 1);
INSERT INTO admission_score (id, university_id, major_id, year, province, min_score, min_rank, avg_score, plan_num, status) VALUES (117, 20, 3, 2022, '江苏', 586, 11466, 591, 28, 1);
INSERT INTO admission_score (id, university_id, major_id, year, province, min_score, min_rank, avg_score, plan_num, status) VALUES (118, 20, 101, 2023, '江苏', 555, 14589, 560, 30, 1);
INSERT INTO admission_score (id, university_id, major_id, year, province, min_score, min_rank, avg_score, plan_num, status) VALUES (119, 20, 16, 2023, '广东', 577, 12399, 582, 42, 1);
INSERT INTO admission_score (id, university_id, major_id, year, province, min_score, min_rank, avg_score, plan_num, status) VALUES (120, 20, 93, 2023, '河南', 666, 3430, 671, 15, 1);
INSERT INTO admission_score (id, university_id, major_id, year, province, min_score, min_rank, avg_score, plan_num, status) VALUES (121, 21, 30, 2022, '四川', 620, 8076, 625, 49, 1);
INSERT INTO admission_score (id, university_id, major_id, year, province, min_score, min_rank, avg_score, plan_num, status) VALUES (122, 21, 110, 2022, '湖北', 572, 12837, 577, 19, 1);
INSERT INTO admission_score (id, university_id, major_id, year, province, min_score, min_rank, avg_score, plan_num, status) VALUES (123, 21, 50, 2022, '浙江', 578, 12263, 583, 49, 1);
INSERT INTO admission_score (id, university_id, major_id, year, province, min_score, min_rank, avg_score, plan_num, status) VALUES (124, 21, 23, 2023, '湖北', 576, 12414, 581, 23, 1);
INSERT INTO admission_score (id, university_id, major_id, year, province, min_score, min_rank, avg_score, plan_num, status) VALUES (125, 21, 107, 2023, '广东', 609, 9135, 614, 34, 1);
INSERT INTO admission_score (id, university_id, major_id, year, province, min_score, min_rank, avg_score, plan_num, status) VALUES (126, 21, 105, 2023, '四川', 584, 11635, 589, 23, 1);
INSERT INTO admission_score (id, university_id, major_id, year, province, min_score, min_rank, avg_score, plan_num, status) VALUES (127, 22, 58, 2022, '江苏', 590, 11045, 595, 22, 1);
INSERT INTO admission_score (id, university_id, major_id, year, province, min_score, min_rank, avg_score, plan_num, status) VALUES (128, 22, 54, 2022, '四川', 671, 2943, 676, 25, 1);
INSERT INTO admission_score (id, university_id, major_id, year, province, min_score, min_rank, avg_score, plan_num, status) VALUES (129, 22, 110, 2022, '山东', 595, 10524, 600, 30, 1);
INSERT INTO admission_score (id, university_id, major_id, year, province, min_score, min_rank, avg_score, plan_num, status) VALUES (130, 22, 103, 2023, '河南', 635, 6537, 640, 40, 1);
INSERT INTO admission_score (id, university_id, major_id, year, province, min_score, min_rank, avg_score, plan_num, status) VALUES (131, 22, 96, 2023, '浙江', 626, 7405, 631, 49, 1);
INSERT INTO admission_score (id, university_id, major_id, year, province, min_score, min_rank, avg_score, plan_num, status) VALUES (132, 22, 51, 2023, '四川', 678, 2292, 683, 15, 1);
INSERT INTO admission_score (id, university_id, major_id, year, province, min_score, min_rank, avg_score, plan_num, status) VALUES (133, 23, 3, 2022, '四川', 596, 10494, 601, 12, 1);
INSERT INTO admission_score (id, university_id, major_id, year, province, min_score, min_rank, avg_score, plan_num, status) VALUES (134, 23, 52, 2022, '浙江', 619, 8183, 624, 50, 1);
INSERT INTO admission_score (id, university_id, major_id, year, province, min_score, min_rank, avg_score, plan_num, status) VALUES (135, 23, 104, 2022, '北京', 585, 11579, 590, 19, 1);
INSERT INTO admission_score (id, university_id, major_id, year, province, min_score, min_rank, avg_score, plan_num, status) VALUES (136, 23, 2, 2023, '江苏', 567, 13394, 572, 47, 1);
INSERT INTO admission_score (id, university_id, major_id, year, province, min_score, min_rank, avg_score, plan_num, status) VALUES (137, 23, 74, 2023, '广东', 655, 4590, 660, 41, 1);
INSERT INTO admission_score (id, university_id, major_id, year, province, min_score, min_rank, avg_score, plan_num, status) VALUES (138, 23, 13, 2023, '浙江', 619, 8149, 624, 39, 1);
INSERT INTO admission_score (id, university_id, major_id, year, province, min_score, min_rank, avg_score, plan_num, status) VALUES (139, 24, 31, 2022, '北京', 643, 5704, 648, 25, 1);
INSERT INTO admission_score (id, university_id, major_id, year, province, min_score, min_rank, avg_score, plan_num, status) VALUES (140, 24, 15, 2022, '浙江', 652, 4879, 657, 18, 1);
INSERT INTO admission_score (id, university_id, major_id, year, province, min_score, min_rank, avg_score, plan_num, status) VALUES (141, 24, 58, 2022, '河南', 605, 9542, 610, 26, 1);
INSERT INTO admission_score (id, university_id, major_id, year, province, min_score, min_rank, avg_score, plan_num, status) VALUES (142, 24, 82, 2023, '广东', 654, 4668, 659, 36, 1);
INSERT INTO admission_score (id, university_id, major_id, year, province, min_score, min_rank, avg_score, plan_num, status) VALUES (143, 24, 51, 2023, '浙江', 590, 11071, 595, 32, 1);
INSERT INTO admission_score (id, university_id, major_id, year, province, min_score, min_rank, avg_score, plan_num, status) VALUES (144, 24, 16, 2023, '江苏', 640, 6009, 645, 50, 1);
INSERT INTO admission_score (id, university_id, major_id, year, province, min_score, min_rank, avg_score, plan_num, status) VALUES (145, 25, 104, 2022, '江苏', 557, 14392, 562, 14, 1);
INSERT INTO admission_score (id, university_id, major_id, year, province, min_score, min_rank, avg_score, plan_num, status) VALUES (146, 25, 45, 2022, '北京', 667, 3399, 672, 48, 1);
INSERT INTO admission_score (id, university_id, major_id, year, province, min_score, min_rank, avg_score, plan_num, status) VALUES (147, 25, 45, 2022, '山东', 607, 9384, 612, 13, 1);
INSERT INTO admission_score (id, university_id, major_id, year, province, min_score, min_rank, avg_score, plan_num, status) VALUES (148, 25, 90, 2023, '北京', 564, 13699, 569, 15, 1);
INSERT INTO admission_score (id, university_id, major_id, year, province, min_score, min_rank, avg_score, plan_num, status) VALUES (149, 25, 64, 2023, '四川', 622, 7835, 627, 24, 1);
INSERT INTO admission_score (id, university_id, major_id, year, province, min_score, min_rank, avg_score, plan_num, status) VALUES (150, 25, 9, 2023, '江苏', 588, 11250, 593, 26, 1);
INSERT INTO admission_score (id, university_id, major_id, year, province, min_score, min_rank, avg_score, plan_num, status) VALUES (151, 26, 83, 2022, '湖北', 561, 13919, 566, 48, 1);
INSERT INTO admission_score (id, university_id, major_id, year, province, min_score, min_rank, avg_score, plan_num, status) VALUES (152, 26, 34, 2022, '河南', 658, 4248, 663, 36, 1);
INSERT INTO admission_score (id, university_id, major_id, year, province, min_score, min_rank, avg_score, plan_num, status) VALUES (153, 26, 65, 2022, '浙江', 671, 2941, 676, 21, 1);
INSERT INTO admission_score (id, university_id, major_id, year, province, min_score, min_rank, avg_score, plan_num, status) VALUES (154, 26, 45, 2023, '湖北', 610, 9072, 615, 20, 1);
INSERT INTO admission_score (id, university_id, major_id, year, province, min_score, min_rank, avg_score, plan_num, status) VALUES (155, 26, 77, 2023, '浙江', 552, 14844, 557, 34, 1);
INSERT INTO admission_score (id, university_id, major_id, year, province, min_score, min_rank, avg_score, plan_num, status) VALUES (156, 26, 95, 2023, '四川', 607, 9389, 612, 28, 1);
INSERT INTO admission_score (id, university_id, major_id, year, province, min_score, min_rank, avg_score, plan_num, status) VALUES (157, 27, 18, 2022, '山东', 679, 2194, 684, 31, 1);
INSERT INTO admission_score (id, university_id, major_id, year, province, min_score, min_rank, avg_score, plan_num, status) VALUES (158, 27, 25, 2022, '四川', 621, 7954, 626, 50, 1);
INSERT INTO admission_score (id, university_id, major_id, year, province, min_score, min_rank, avg_score, plan_num, status) VALUES (159, 27, 6, 2022, '湖北', 561, 13929, 566, 10, 1);
INSERT INTO admission_score (id, university_id, major_id, year, province, min_score, min_rank, avg_score, plan_num, status) VALUES (160, 27, 82, 2023, '广东', 655, 4598, 660, 42, 1);
INSERT INTO admission_score (id, university_id, major_id, year, province, min_score, min_rank, avg_score, plan_num, status) VALUES (161, 27, 45, 2023, '浙江', 562, 13874, 567, 28, 1);
INSERT INTO admission_score (id, university_id, major_id, year, province, min_score, min_rank, avg_score, plan_num, status) VALUES (162, 27, 49, 2023, '山东', 596, 10429, 601, 43, 1);
INSERT INTO admission_score (id, university_id, major_id, year, province, min_score, min_rank, avg_score, plan_num, status) VALUES (163, 28, 13, 2022, '北京', 658, 4214, 663, 43, 1);
INSERT INTO admission_score (id, university_id, major_id, year, province, min_score, min_rank, avg_score, plan_num, status) VALUES (164, 28, 7, 2022, '广东', 604, 9670, 609, 35, 1);
INSERT INTO admission_score (id, university_id, major_id, year, province, min_score, min_rank, avg_score, plan_num, status) VALUES (165, 28, 84, 2022, '浙江', 606, 9436, 611, 47, 1);
INSERT INTO admission_score (id, university_id, major_id, year, province, min_score, min_rank, avg_score, plan_num, status) VALUES (166, 28, 60, 2023, '河南', 604, 9632, 609, 27, 1);
INSERT INTO admission_score (id, university_id, major_id, year, province, min_score, min_rank, avg_score, plan_num, status) VALUES (167, 28, 24, 2023, '浙江', 637, 6309, 642, 27, 1);
INSERT INTO admission_score (id, university_id, major_id, year, province, min_score, min_rank, avg_score, plan_num, status) VALUES (168, 28, 60, 2023, '广东', 588, 11285, 593, 20, 1);
INSERT INTO admission_score (id, university_id, major_id, year, province, min_score, min_rank, avg_score, plan_num, status) VALUES (169, 29, 33, 2022, '浙江', 572, 12871, 577, 41, 1);
INSERT INTO admission_score (id, university_id, major_id, year, province, min_score, min_rank, avg_score, plan_num, status) VALUES (170, 29, 32, 2022, '江苏', 551, 14921, 556, 35, 1);
INSERT INTO admission_score (id, university_id, major_id, year, province, min_score, min_rank, avg_score, plan_num, status) VALUES (171, 29, 47, 2022, '广东', 639, 6192, 644, 41, 1);
INSERT INTO admission_score (id, university_id, major_id, year, province, min_score, min_rank, avg_score, plan_num, status) VALUES (172, 29, 49, 2023, '浙江', 626, 7451, 631, 29, 1);
INSERT INTO admission_score (id, university_id, major_id, year, province, min_score, min_rank, avg_score, plan_num, status) VALUES (173, 29, 58, 2023, '河南', 630, 7058, 635, 27, 1);
INSERT INTO admission_score (id, university_id, major_id, year, province, min_score, min_rank, avg_score, plan_num, status) VALUES (174, 29, 12, 2023, '江苏', 646, 5491, 651, 47, 1);
INSERT INTO admission_score (id, university_id, major_id, year, province, min_score, min_rank, avg_score, plan_num, status) VALUES (175, 30, 1, 2022, '江苏', 645, 5561, 650, 17, 1);
INSERT INTO admission_score (id, university_id, major_id, year, province, min_score, min_rank, avg_score, plan_num, status) VALUES (176, 30, 103, 2022, '广东', 633, 6726, 638, 38, 1);
INSERT INTO admission_score (id, university_id, major_id, year, province, min_score, min_rank, avg_score, plan_num, status) VALUES (177, 30, 55, 2022, '河南', 638, 6265, 643, 18, 1);
INSERT INTO admission_score (id, university_id, major_id, year, province, min_score, min_rank, avg_score, plan_num, status) VALUES (178, 30, 83, 2023, '山东', 669, 3131, 674, 36, 1);
INSERT INTO admission_score (id, university_id, major_id, year, province, min_score, min_rank, avg_score, plan_num, status) VALUES (179, 30, 1, 2023, '江苏', 615, 8525, 620, 13, 1);
INSERT INTO admission_score (id, university_id, major_id, year, province, min_score, min_rank, avg_score, plan_num, status) VALUES (180, 30, 71, 2023, '北京', 653, 4762, 658, 45, 1);
INSERT INTO admission_score (id, university_id, major_id, year, province, min_score, min_rank, avg_score, plan_num, status) VALUES (181, 31, 8, 2022, '江苏', 596, 10498, 601, 33, 1);
INSERT INTO admission_score (id, university_id, major_id, year, province, min_score, min_rank, avg_score, plan_num, status) VALUES (182, 31, 63, 2022, '河南', 566, 13435, 571, 25, 1);
INSERT INTO admission_score (id, university_id, major_id, year, province, min_score, min_rank, avg_score, plan_num, status) VALUES (183, 31, 109, 2022, '广东', 655, 4577, 660, 25, 1);
INSERT INTO admission_score (id, university_id, major_id, year, province, min_score, min_rank, avg_score, plan_num, status) VALUES (184, 31, 104, 2023, '江苏', 601, 9964, 606, 39, 1);
INSERT INTO admission_score (id, university_id, major_id, year, province, min_score, min_rank, avg_score, plan_num, status) VALUES (185, 31, 99, 2023, '四川', 666, 3462, 671, 21, 1);
INSERT INTO admission_score (id, university_id, major_id, year, province, min_score, min_rank, avg_score, plan_num, status) VALUES (186, 31, 5, 2023, '湖北', 554, 14637, 559, 38, 1);
INSERT INTO admission_score (id, university_id, major_id, year, province, min_score, min_rank, avg_score, plan_num, status) VALUES (187, 32, 60, 2022, '浙江', 575, 12558, 580, 14, 1);
INSERT INTO admission_score (id, university_id, major_id, year, province, min_score, min_rank, avg_score, plan_num, status) VALUES (188, 32, 97, 2022, '广东', 588, 11288, 593, 41, 1);
INSERT INTO admission_score (id, university_id, major_id, year, province, min_score, min_rank, avg_score, plan_num, status) VALUES (189, 32, 19, 2022, '湖北', 597, 10358, 602, 41, 1);
INSERT INTO admission_score (id, university_id, major_id, year, province, min_score, min_rank, avg_score, plan_num, status) VALUES (190, 32, 97, 2023, '浙江', 616, 8481, 621, 26, 1);
INSERT INTO admission_score (id, university_id, major_id, year, province, min_score, min_rank, avg_score, plan_num, status) VALUES (191, 32, 49, 2023, '河南', 639, 6136, 644, 44, 1);
INSERT INTO admission_score (id, university_id, major_id, year, province, min_score, min_rank, avg_score, plan_num, status) VALUES (192, 32, 28, 2023, '广东', 576, 12403, 581, 29, 1);
INSERT INTO admission_score (id, university_id, major_id, year, province, min_score, min_rank, avg_score, plan_num, status) VALUES (193, 33, 36, 2022, '江苏', 657, 4318, 662, 21, 1);
INSERT INTO admission_score (id, university_id, major_id, year, province, min_score, min_rank, avg_score, plan_num, status) VALUES (194, 33, 107, 2022, '广东', 672, 2896, 677, 40, 1);
INSERT INTO admission_score (id, university_id, major_id, year, province, min_score, min_rank, avg_score, plan_num, status) VALUES (195, 33, 62, 2022, '四川', 666, 3424, 671, 35, 1);
INSERT INTO admission_score (id, university_id, major_id, year, province, min_score, min_rank, avg_score, plan_num, status) VALUES (196, 33, 97, 2023, '广东', 561, 13983, 566, 32, 1);
INSERT INTO admission_score (id, university_id, major_id, year, province, min_score, min_rank, avg_score, plan_num, status) VALUES (197, 33, 50, 2023, '山东', 671, 2997, 676, 21, 1);
INSERT INTO admission_score (id, university_id, major_id, year, province, min_score, min_rank, avg_score, plan_num, status) VALUES (198, 33, 51, 2023, '江苏', 597, 10357, 602, 26, 1);
INSERT INTO admission_score (id, university_id, major_id, year, province, min_score, min_rank, avg_score, plan_num, status) VALUES (199, 34, 33, 2022, '四川', 645, 5572, 650, 10, 1);
INSERT INTO admission_score (id, university_id, major_id, year, province, min_score, min_rank, avg_score, plan_num, status) VALUES (200, 34, 84, 2022, '河南', 665, 3593, 670, 35, 1);
INSERT INTO admission_score (id, university_id, major_id, year, province, min_score, min_rank, avg_score, plan_num, status) VALUES (201, 34, 32, 2022, '广东', 667, 3344, 672, 17, 1);
INSERT INTO admission_score (id, university_id, major_id, year, province, min_score, min_rank, avg_score, plan_num, status) VALUES (202, 34, 82, 2023, '浙江', 597, 10377, 602, 30, 1);
INSERT INTO admission_score (id, university_id, major_id, year, province, min_score, min_rank, avg_score, plan_num, status) VALUES (203, 34, 41, 2023, '广东', 625, 7552, 630, 27, 1);
INSERT INTO admission_score (id, university_id, major_id, year, province, min_score, min_rank, avg_score, plan_num, status) VALUES (204, 34, 51, 2023, '四川', 678, 2271, 683, 44, 1);
INSERT INTO admission_score (id, university_id, major_id, year, province, min_score, min_rank, avg_score, plan_num, status) VALUES (205, 35, 52, 2022, '浙江', 577, 12399, 582, 48, 1);
INSERT INTO admission_score (id, university_id, major_id, year, province, min_score, min_rank, avg_score, plan_num, status) VALUES (206, 35, 85, 2022, '河南', 605, 9519, 610, 38, 1);
INSERT INTO admission_score (id, university_id, major_id, year, province, min_score, min_rank, avg_score, plan_num, status) VALUES (207, 35, 106, 2022, '广东', 568, 13242, 573, 47, 1);
INSERT INTO admission_score (id, university_id, major_id, year, province, min_score, min_rank, avg_score, plan_num, status) VALUES (208, 35, 86, 2023, '四川', 603, 9782, 608, 47, 1);
INSERT INTO admission_score (id, university_id, major_id, year, province, min_score, min_rank, avg_score, plan_num, status) VALUES (209, 35, 73, 2023, '北京', 619, 8153, 624, 24, 1);
INSERT INTO admission_score (id, university_id, major_id, year, province, min_score, min_rank, avg_score, plan_num, status) VALUES (210, 35, 72, 2023, '河南', 586, 11471, 591, 27, 1);
INSERT INTO admission_score (id, university_id, major_id, year, province, min_score, min_rank, avg_score, plan_num, status) VALUES (211, 36, 51, 2022, '山东', 569, 13187, 574, 29, 1);
INSERT INTO admission_score (id, university_id, major_id, year, province, min_score, min_rank, avg_score, plan_num, status) VALUES (212, 36, 31, 2022, '广东', 663, 3771, 668, 18, 1);
INSERT INTO admission_score (id, university_id, major_id, year, province, min_score, min_rank, avg_score, plan_num, status) VALUES (213, 36, 49, 2022, '北京', 664, 3653, 669, 38, 1);
INSERT INTO admission_score (id, university_id, major_id, year, province, min_score, min_rank, avg_score, plan_num, status) VALUES (214, 36, 40, 2023, '湖北', 635, 6547, 640, 30, 1);
INSERT INTO admission_score (id, university_id, major_id, year, province, min_score, min_rank, avg_score, plan_num, status) VALUES (215, 36, 26, 2023, '山东', 646, 5453, 651, 32, 1);
INSERT INTO admission_score (id, university_id, major_id, year, province, min_score, min_rank, avg_score, plan_num, status) VALUES (216, 36, 79, 2023, '广东', 628, 7264, 633, 22, 1);
INSERT INTO admission_score (id, university_id, major_id, year, province, min_score, min_rank, avg_score, plan_num, status) VALUES (217, 37, 45, 2022, '河南', 631, 6904, 636, 16, 1);
INSERT INTO admission_score (id, university_id, major_id, year, province, min_score, min_rank, avg_score, plan_num, status) VALUES (218, 37, 64, 2022, '北京', 580, 12079, 585, 32, 1);
INSERT INTO admission_score (id, university_id, major_id, year, province, min_score, min_rank, avg_score, plan_num, status) VALUES (219, 37, 15, 2022, '江苏', 576, 12428, 581, 21, 1);
INSERT INTO admission_score (id, university_id, major_id, year, province, min_score, min_rank, avg_score, plan_num, status) VALUES (220, 37, 74, 2023, '四川', 555, 14556, 560, 37, 1);
INSERT INTO admission_score (id, university_id, major_id, year, province, min_score, min_rank, avg_score, plan_num, status) VALUES (221, 37, 101, 2023, '广东', 655, 4550, 660, 38, 1);
INSERT INTO admission_score (id, university_id, major_id, year, province, min_score, min_rank, avg_score, plan_num, status) VALUES (222, 37, 25, 2023, '北京', 676, 2416, 681, 16, 1);
INSERT INTO admission_score (id, university_id, major_id, year, province, min_score, min_rank, avg_score, plan_num, status) VALUES (223, 38, 32, 2022, '河南', 609, 9104, 614, 25, 1);
INSERT INTO admission_score (id, university_id, major_id, year, province, min_score, min_rank, avg_score, plan_num, status) VALUES (224, 38, 73, 2022, '广东', 607, 9334, 612, 48, 1);
INSERT INTO admission_score (id, university_id, major_id, year, province, min_score, min_rank, avg_score, plan_num, status) VALUES (225, 38, 100, 2022, '浙江', 624, 7674, 629, 42, 1);
INSERT INTO admission_score (id, university_id, major_id, year, province, min_score, min_rank, avg_score, plan_num, status) VALUES (226, 38, 99, 2023, '山东', 631, 6971, 636, 48, 1);
INSERT INTO admission_score (id, university_id, major_id, year, province, min_score, min_rank, avg_score, plan_num, status) VALUES (227, 38, 15, 2023, '广东', 663, 3765, 668, 17, 1);
INSERT INTO admission_score (id, university_id, major_id, year, province, min_score, min_rank, avg_score, plan_num, status) VALUES (228, 38, 28, 2023, '湖北', 679, 2147, 684, 29, 1);
INSERT INTO admission_score (id, university_id, major_id, year, province, min_score, min_rank, avg_score, plan_num, status) VALUES (229, 39, 52, 2022, '浙江', 614, 8628, 619, 35, 1);
INSERT INTO admission_score (id, university_id, major_id, year, province, min_score, min_rank, avg_score, plan_num, status) VALUES (230, 39, 110, 2022, '湖北', 603, 9753, 608, 27, 1);
INSERT INTO admission_score (id, university_id, major_id, year, province, min_score, min_rank, avg_score, plan_num, status) VALUES (231, 39, 79, 2022, '北京', 662, 3826, 667, 18, 1);
INSERT INTO admission_score (id, university_id, major_id, year, province, min_score, min_rank, avg_score, plan_num, status) VALUES (232, 39, 56, 2023, '江苏', 637, 6359, 642, 12, 1);
INSERT INTO admission_score (id, university_id, major_id, year, province, min_score, min_rank, avg_score, plan_num, status) VALUES (233, 39, 9, 2023, '山东', 561, 13908, 566, 27, 1);
INSERT INTO admission_score (id, university_id, major_id, year, province, min_score, min_rank, avg_score, plan_num, status) VALUES (234, 39, 100, 2023, '广东', 606, 9472, 611, 29, 1);
INSERT INTO admission_score (id, university_id, major_id, year, province, min_score, min_rank, avg_score, plan_num, status) VALUES (235, 40, 77, 2022, '北京', 551, 14944, 556, 31, 1);
INSERT INTO admission_score (id, university_id, major_id, year, province, min_score, min_rank, avg_score, plan_num, status) VALUES (236, 40, 50, 2022, '江苏', 554, 14646, 559, 35, 1);
INSERT INTO admission_score (id, university_id, major_id, year, province, min_score, min_rank, avg_score, plan_num, status) VALUES (237, 40, 21, 2022, '湖北', 664, 3621, 669, 29, 1);
INSERT INTO admission_score (id, university_id, major_id, year, province, min_score, min_rank, avg_score, plan_num, status) VALUES (238, 40, 100, 2023, '湖北', 670, 3007, 675, 24, 1);
INSERT INTO admission_score (id, university_id, major_id, year, province, min_score, min_rank, avg_score, plan_num, status) VALUES (239, 40, 38, 2023, '江苏', 679, 2107, 684, 12, 1);
INSERT INTO admission_score (id, university_id, major_id, year, province, min_score, min_rank, avg_score, plan_num, status) VALUES (240, 40, 96, 2023, '山东', 624, 7611, 629, 19, 1);
INSERT INTO admission_score (id, university_id, major_id, year, province, min_score, min_rank, avg_score, plan_num, status) VALUES (241, 41, 97, 2022, '江苏', 655, 4538, 660, 31, 1);
INSERT INTO admission_score (id, university_id, major_id, year, province, min_score, min_rank, avg_score, plan_num, status) VALUES (242, 41, 103, 2022, '河南', 631, 6946, 636, 12, 1);
INSERT INTO admission_score (id, university_id, major_id, year, province, min_score, min_rank, avg_score, plan_num, status) VALUES (243, 41, 64, 2022, '湖北', 642, 5866, 647, 25, 1);
INSERT INTO admission_score (id, university_id, major_id, year, province, min_score, min_rank, avg_score, plan_num, status) VALUES (244, 41, 72, 2023, '山东', 569, 13178, 574, 16, 1);
INSERT INTO admission_score (id, university_id, major_id, year, province, min_score, min_rank, avg_score, plan_num, status) VALUES (245, 41, 79, 2023, '北京', 556, 14476, 561, 37, 1);
INSERT INTO admission_score (id, university_id, major_id, year, province, min_score, min_rank, avg_score, plan_num, status) VALUES (246, 41, 82, 2023, '河南', 667, 3371, 672, 19, 1);
INSERT INTO admission_score (id, university_id, major_id, year, province, min_score, min_rank, avg_score, plan_num, status) VALUES (247, 42, 84, 2022, '湖北', 577, 12374, 582, 45, 1);
INSERT INTO admission_score (id, university_id, major_id, year, province, min_score, min_rank, avg_score, plan_num, status) VALUES (248, 42, 18, 2022, '四川', 558, 14230, 563, 17, 1);
INSERT INTO admission_score (id, university_id, major_id, year, province, min_score, min_rank, avg_score, plan_num, status) VALUES (249, 42, 81, 2022, '北京', 559, 14199, 564, 44, 1);
INSERT INTO admission_score (id, university_id, major_id, year, province, min_score, min_rank, avg_score, plan_num, status) VALUES (250, 42, 78, 2023, '山东', 566, 13411, 571, 21, 1);
INSERT INTO admission_score (id, university_id, major_id, year, province, min_score, min_rank, avg_score, plan_num, status) VALUES (251, 42, 82, 2023, '北京', 640, 6051, 645, 13, 1);
INSERT INTO admission_score (id, university_id, major_id, year, province, min_score, min_rank, avg_score, plan_num, status) VALUES (252, 42, 11, 2023, '河南', 624, 7691, 629, 14, 1);
INSERT INTO admission_score (id, university_id, major_id, year, province, min_score, min_rank, avg_score, plan_num, status) VALUES (253, 43, 6, 2022, '湖北', 663, 3720, 668, 26, 1);
INSERT INTO admission_score (id, university_id, major_id, year, province, min_score, min_rank, avg_score, plan_num, status) VALUES (254, 43, 29, 2022, '河南', 675, 2576, 680, 23, 1);
INSERT INTO admission_score (id, university_id, major_id, year, province, min_score, min_rank, avg_score, plan_num, status) VALUES (255, 43, 8, 2022, '江苏', 571, 12939, 576, 20, 1);
INSERT INTO admission_score (id, university_id, major_id, year, province, min_score, min_rank, avg_score, plan_num, status) VALUES (256, 43, 94, 2023, '湖北', 615, 8514, 620, 30, 1);
INSERT INTO admission_score (id, university_id, major_id, year, province, min_score, min_rank, avg_score, plan_num, status) VALUES (257, 43, 93, 2023, '江苏', 602, 9803, 607, 35, 1);
INSERT INTO admission_score (id, university_id, major_id, year, province, min_score, min_rank, avg_score, plan_num, status) VALUES (258, 43, 3, 2023, '四川', 550, 15037, 555, 43, 1);
INSERT INTO admission_score (id, university_id, major_id, year, province, min_score, min_rank, avg_score, plan_num, status) VALUES (259, 44, 66, 2022, '北京', 680, 2016, 685, 44, 1);
INSERT INTO admission_score (id, university_id, major_id, year, province, min_score, min_rank, avg_score, plan_num, status) VALUES (260, 44, 19, 2022, '湖北', 653, 4770, 658, 31, 1);
INSERT INTO admission_score (id, university_id, major_id, year, province, min_score, min_rank, avg_score, plan_num, status) VALUES (261, 44, 46, 2022, '四川', 597, 10381, 602, 12, 1);
INSERT INTO admission_score (id, university_id, major_id, year, province, min_score, min_rank, avg_score, plan_num, status) VALUES (262, 44, 54, 2023, '山东', 678, 2293, 683, 49, 1);
INSERT INTO admission_score (id, university_id, major_id, year, province, min_score, min_rank, avg_score, plan_num, status) VALUES (263, 44, 33, 2023, '广东', 618, 8254, 623, 23, 1);
INSERT INTO admission_score (id, university_id, major_id, year, province, min_score, min_rank, avg_score, plan_num, status) VALUES (264, 44, 105, 2023, '江苏', 628, 7297, 633, 49, 1);
INSERT INTO admission_score (id, university_id, major_id, year, province, min_score, min_rank, avg_score, plan_num, status) VALUES (265, 45, 47, 2022, '广东', 645, 5566, 650, 38, 1);
INSERT INTO admission_score (id, university_id, major_id, year, province, min_score, min_rank, avg_score, plan_num, status) VALUES (266, 45, 106, 2022, '湖北', 672, 2808, 677, 10, 1);
INSERT INTO admission_score (id, university_id, major_id, year, province, min_score, min_rank, avg_score, plan_num, status) VALUES (267, 45, 63, 2022, '山东', 558, 14264, 563, 49, 1);
INSERT INTO admission_score (id, university_id, major_id, year, province, min_score, min_rank, avg_score, plan_num, status) VALUES (268, 45, 102, 2023, '四川', 605, 9557, 610, 21, 1);
INSERT INTO admission_score (id, university_id, major_id, year, province, min_score, min_rank, avg_score, plan_num, status) VALUES (269, 45, 78, 2023, '北京', 630, 7051, 635, 13, 1);
INSERT INTO admission_score (id, university_id, major_id, year, province, min_score, min_rank, avg_score, plan_num, status) VALUES (270, 45, 30, 2023, '浙江', 601, 9926, 606, 40, 1);
INSERT INTO admission_score (id, university_id, major_id, year, province, min_score, min_rank, avg_score, plan_num, status) VALUES (271, 46, 75, 2022, '江苏', 665, 3513, 670, 44, 1);
INSERT INTO admission_score (id, university_id, major_id, year, province, min_score, min_rank, avg_score, plan_num, status) VALUES (272, 46, 10, 2022, '湖北', 675, 2544, 680, 40, 1);
INSERT INTO admission_score (id, university_id, major_id, year, province, min_score, min_rank, avg_score, plan_num, status) VALUES (273, 46, 4, 2022, '四川', 667, 3318, 672, 42, 1);
INSERT INTO admission_score (id, university_id, major_id, year, province, min_score, min_rank, avg_score, plan_num, status) VALUES (274, 46, 15, 2023, '河南', 673, 2786, 678, 29, 1);
INSERT INTO admission_score (id, university_id, major_id, year, province, min_score, min_rank, avg_score, plan_num, status) VALUES (275, 46, 39, 2023, '江苏', 640, 6064, 645, 15, 1);
INSERT INTO admission_score (id, university_id, major_id, year, province, min_score, min_rank, avg_score, plan_num, status) VALUES (276, 46, 51, 2023, '浙江', 644, 5637, 649, 40, 1);
INSERT INTO admission_score (id, university_id, major_id, year, province, min_score, min_rank, avg_score, plan_num, status) VALUES (277, 47, 106, 2022, '北京', 601, 9966, 606, 40, 1);
INSERT INTO admission_score (id, university_id, major_id, year, province, min_score, min_rank, avg_score, plan_num, status) VALUES (278, 47, 35, 2022, '江苏', 607, 9310, 612, 29, 1);
INSERT INTO admission_score (id, university_id, major_id, year, province, min_score, min_rank, avg_score, plan_num, status) VALUES (279, 47, 9, 2022, '河南', 627, 7309, 632, 33, 1);
INSERT INTO admission_score (id, university_id, major_id, year, province, min_score, min_rank, avg_score, plan_num, status) VALUES (280, 47, 106, 2023, '湖北', 636, 6481, 641, 31, 1);
INSERT INTO admission_score (id, university_id, major_id, year, province, min_score, min_rank, avg_score, plan_num, status) VALUES (281, 47, 39, 2023, '广东', 593, 10722, 598, 33, 1);
INSERT INTO admission_score (id, university_id, major_id, year, province, min_score, min_rank, avg_score, plan_num, status) VALUES (282, 47, 102, 2023, '浙江', 643, 5748, 648, 26, 1);
INSERT INTO admission_score (id, university_id, major_id, year, province, min_score, min_rank, avg_score, plan_num, status) VALUES (283, 48, 6, 2022, '河南', 671, 2939, 676, 14, 1);
INSERT INTO admission_score (id, university_id, major_id, year, province, min_score, min_rank, avg_score, plan_num, status) VALUES (284, 48, 43, 2022, '江苏', 557, 14396, 562, 37, 1);
INSERT INTO admission_score (id, university_id, major_id, year, province, min_score, min_rank, avg_score, plan_num, status) VALUES (285, 48, 36, 2022, '浙江', 595, 10580, 600, 47, 1);
INSERT INTO admission_score (id, university_id, major_id, year, province, min_score, min_rank, avg_score, plan_num, status) VALUES (286, 48, 20, 2023, '四川', 647, 5335, 652, 22, 1);
INSERT INTO admission_score (id, university_id, major_id, year, province, min_score, min_rank, avg_score, plan_num, status) VALUES (287, 48, 40, 2023, '江苏', 655, 4525, 660, 49, 1);
INSERT INTO admission_score (id, university_id, major_id, year, province, min_score, min_rank, avg_score, plan_num, status) VALUES (288, 48, 90, 2023, '河南', 607, 9336, 612, 47, 1);
INSERT INTO admission_score (id, university_id, major_id, year, province, min_score, min_rank, avg_score, plan_num, status) VALUES (289, 49, 43, 2022, '浙江', 644, 5660, 649, 28, 1);
INSERT INTO admission_score (id, university_id, major_id, year, province, min_score, min_rank, avg_score, plan_num, status) VALUES (290, 49, 75, 2022, '江苏', 578, 12257, 583, 38, 1);
INSERT INTO admission_score (id, university_id, major_id, year, province, min_score, min_rank, avg_score, plan_num, status) VALUES (291, 49, 58, 2022, '河南', 653, 4776, 658, 37, 1);
INSERT INTO admission_score (id, university_id, major_id, year, province, min_score, min_rank, avg_score, plan_num, status) VALUES (292, 49, 107, 2023, '山东', 635, 6570, 640, 17, 1);
INSERT INTO admission_score (id, university_id, major_id, year, province, min_score, min_rank, avg_score, plan_num, status) VALUES (293, 49, 15, 2023, '河南', 645, 5565, 650, 48, 1);
INSERT INTO admission_score (id, university_id, major_id, year, province, min_score, min_rank, avg_score, plan_num, status) VALUES (294, 49, 102, 2023, '广东', 593, 10724, 598, 31, 1);
INSERT INTO admission_score (id, university_id, major_id, year, province, min_score, min_rank, avg_score, plan_num, status) VALUES (295, 50, 14, 2022, '四川', 679, 2170, 684, 46, 1);
INSERT INTO admission_score (id, university_id, major_id, year, province, min_score, min_rank, avg_score, plan_num, status) VALUES (296, 50, 92, 2022, '河南', 626, 7459, 631, 21, 1);
INSERT INTO admission_score (id, university_id, major_id, year, province, min_score, min_rank, avg_score, plan_num, status) VALUES (297, 50, 66, 2022, '山东', 671, 2905, 676, 12, 1);
INSERT INTO admission_score (id, university_id, major_id, year, province, min_score, min_rank, avg_score, plan_num, status) VALUES (298, 50, 21, 2023, '广东', 667, 3325, 672, 35, 1);
INSERT INTO admission_score (id, university_id, major_id, year, province, min_score, min_rank, avg_score, plan_num, status) VALUES (299, 50, 93, 2023, '河南', 610, 9020, 615, 17, 1);
INSERT INTO admission_score (id, university_id, major_id, year, province, min_score, min_rank, avg_score, plan_num, status) VALUES (300, 50, 39, 2023, '湖北', 581, 11937, 586, 44, 1);
INSERT INTO admission_score (id, university_id, major_id, year, province, min_score, min_rank, avg_score, plan_num, status) VALUES (301, 51, 89, 2022, '广东', 669, 3170, 674, 19, 1);
INSERT INTO admission_score (id, university_id, major_id, year, province, min_score, min_rank, avg_score, plan_num, status) VALUES (302, 51, 109, 2022, '山东', 605, 9503, 610, 23, 1);
INSERT INTO admission_score (id, university_id, major_id, year, province, min_score, min_rank, avg_score, plan_num, status) VALUES (303, 51, 48, 2022, '浙江', 591, 10973, 596, 17, 1);
INSERT INTO admission_score (id, university_id, major_id, year, province, min_score, min_rank, avg_score, plan_num, status) VALUES (304, 51, 15, 2023, '江苏', 641, 5908, 646, 37, 1);
INSERT INTO admission_score (id, university_id, major_id, year, province, min_score, min_rank, avg_score, plan_num, status) VALUES (305, 51, 11, 2023, '湖北', 626, 7483, 631, 32, 1);
INSERT INTO admission_score (id, university_id, major_id, year, province, min_score, min_rank, avg_score, plan_num, status) VALUES (306, 51, 24, 2023, '山东', 619, 8104, 624, 50, 1);
INSERT INTO admission_score (id, university_id, major_id, year, province, min_score, min_rank, avg_score, plan_num, status) VALUES (307, 52, 104, 2022, '河南', 632, 6828, 637, 26, 1);
INSERT INTO admission_score (id, university_id, major_id, year, province, min_score, min_rank, avg_score, plan_num, status) VALUES (308, 52, 15, 2022, '山东', 584, 11643, 589, 23, 1);
INSERT INTO admission_score (id, university_id, major_id, year, province, min_score, min_rank, avg_score, plan_num, status) VALUES (309, 52, 33, 2022, '广东', 620, 8025, 625, 30, 1);
INSERT INTO admission_score (id, university_id, major_id, year, province, min_score, min_rank, avg_score, plan_num, status) VALUES (310, 52, 29, 2023, '湖北', 560, 14012, 565, 37, 1);
INSERT INTO admission_score (id, university_id, major_id, year, province, min_score, min_rank, avg_score, plan_num, status) VALUES (311, 52, 89, 2023, '江苏', 587, 11307, 592, 27, 1);
INSERT INTO admission_score (id, university_id, major_id, year, province, min_score, min_rank, avg_score, plan_num, status) VALUES (312, 52, 75, 2023, '北京', 553, 14735, 558, 44, 1);
INSERT INTO admission_score (id, university_id, major_id, year, province, min_score, min_rank, avg_score, plan_num, status) VALUES (313, 53, 54, 2022, '江苏', 570, 13087, 575, 37, 1);
INSERT INTO admission_score (id, university_id, major_id, year, province, min_score, min_rank, avg_score, plan_num, status) VALUES (314, 53, 75, 2022, '河南', 586, 11406, 591, 24, 1);
INSERT INTO admission_score (id, university_id, major_id, year, province, min_score, min_rank, avg_score, plan_num, status) VALUES (315, 53, 81, 2022, '四川', 631, 6962, 636, 27, 1);
INSERT INTO admission_score (id, university_id, major_id, year, province, min_score, min_rank, avg_score, plan_num, status) VALUES (316, 53, 43, 2023, '浙江', 672, 2892, 677, 31, 1);
INSERT INTO admission_score (id, university_id, major_id, year, province, min_score, min_rank, avg_score, plan_num, status) VALUES (317, 53, 106, 2023, '江苏', 680, 2096, 685, 14, 1);
INSERT INTO admission_score (id, university_id, major_id, year, province, min_score, min_rank, avg_score, plan_num, status) VALUES (318, 53, 5, 2023, '广东', 626, 7484, 631, 49, 1);
INSERT INTO admission_score (id, university_id, major_id, year, province, min_score, min_rank, avg_score, plan_num, status) VALUES (319, 54, 63, 2022, '山东', 623, 7779, 628, 14, 1);
INSERT INTO admission_score (id, university_id, major_id, year, province, min_score, min_rank, avg_score, plan_num, status) VALUES (320, 54, 6, 2022, '浙江', 607, 9317, 612, 24, 1);
INSERT INTO admission_score (id, university_id, major_id, year, province, min_score, min_rank, avg_score, plan_num, status) VALUES (321, 54, 35, 2022, '江苏', 660, 4089, 665, 12, 1);
INSERT INTO admission_score (id, university_id, major_id, year, province, min_score, min_rank, avg_score, plan_num, status) VALUES (322, 54, 93, 2023, '湖北', 630, 7056, 635, 48, 1);
INSERT INTO admission_score (id, university_id, major_id, year, province, min_score, min_rank, avg_score, plan_num, status) VALUES (323, 54, 67, 2023, '广东', 586, 11494, 591, 34, 1);
INSERT INTO admission_score (id, university_id, major_id, year, province, min_score, min_rank, avg_score, plan_num, status) VALUES (324, 54, 58, 2023, '山东', 622, 7874, 627, 47, 1);
INSERT INTO admission_score (id, university_id, major_id, year, province, min_score, min_rank, avg_score, plan_num, status) VALUES (325, 55, 29, 2022, '浙江', 611, 8903, 616, 15, 1);
INSERT INTO admission_score (id, university_id, major_id, year, province, min_score, min_rank, avg_score, plan_num, status) VALUES (326, 55, 53, 2022, '山东', 658, 4267, 663, 25, 1);
INSERT INTO admission_score (id, university_id, major_id, year, province, min_score, min_rank, avg_score, plan_num, status) VALUES (327, 55, 46, 2022, '广东', 565, 13543, 570, 43, 1);
INSERT INTO admission_score (id, university_id, major_id, year, province, min_score, min_rank, avg_score, plan_num, status) VALUES (328, 55, 80, 2023, '江苏', 603, 9726, 608, 46, 1);
INSERT INTO admission_score (id, university_id, major_id, year, province, min_score, min_rank, avg_score, plan_num, status) VALUES (329, 55, 92, 2023, '四川', 632, 6871, 637, 18, 1);
INSERT INTO admission_score (id, university_id, major_id, year, province, min_score, min_rank, avg_score, plan_num, status) VALUES (330, 55, 94, 2023, '山东', 597, 10309, 602, 42, 1);
INSERT INTO admission_score (id, university_id, major_id, year, province, min_score, min_rank, avg_score, plan_num, status) VALUES (331, 56, 35, 2022, '河南', 563, 13740, 568, 31, 1);
INSERT INTO admission_score (id, university_id, major_id, year, province, min_score, min_rank, avg_score, plan_num, status) VALUES (332, 56, 31, 2022, '浙江', 582, 11829, 587, 22, 1);
INSERT INTO admission_score (id, university_id, major_id, year, province, min_score, min_rank, avg_score, plan_num, status) VALUES (333, 56, 49, 2022, '江苏', 561, 13968, 566, 42, 1);
INSERT INTO admission_score (id, university_id, major_id, year, province, min_score, min_rank, avg_score, plan_num, status) VALUES (334, 56, 39, 2023, '浙江', 569, 13118, 574, 47, 1);
INSERT INTO admission_score (id, university_id, major_id, year, province, min_score, min_rank, avg_score, plan_num, status) VALUES (335, 56, 14, 2023, '四川', 653, 4740, 658, 29, 1);
INSERT INTO admission_score (id, university_id, major_id, year, province, min_score, min_rank, avg_score, plan_num, status) VALUES (336, 56, 70, 2023, '湖北', 651, 4960, 656, 17, 1);
INSERT INTO admission_score (id, university_id, major_id, year, province, min_score, min_rank, avg_score, plan_num, status) VALUES (337, 57, 58, 2022, '北京', 613, 8710, 618, 27, 1);
INSERT INTO admission_score (id, university_id, major_id, year, province, min_score, min_rank, avg_score, plan_num, status) VALUES (338, 57, 76, 2022, '山东', 618, 8286, 623, 30, 1);
INSERT INTO admission_score (id, university_id, major_id, year, province, min_score, min_rank, avg_score, plan_num, status) VALUES (339, 57, 61, 2022, '四川', 661, 3975, 666, 34, 1);
INSERT INTO admission_score (id, university_id, major_id, year, province, min_score, min_rank, avg_score, plan_num, status) VALUES (340, 57, 85, 2023, '广东', 555, 14552, 560, 28, 1);
INSERT INTO admission_score (id, university_id, major_id, year, province, min_score, min_rank, avg_score, plan_num, status) VALUES (341, 57, 87, 2023, '浙江', 600, 10038, 605, 39, 1);
INSERT INTO admission_score (id, university_id, major_id, year, province, min_score, min_rank, avg_score, plan_num, status) VALUES (342, 57, 51, 2023, '湖北', 679, 2200, 684, 16, 1);
INSERT INTO admission_score (id, university_id, major_id, year, province, min_score, min_rank, avg_score, plan_num, status) VALUES (343, 58, 1, 2022, '广东', 594, 10627, 599, 24, 1);
INSERT INTO admission_score (id, university_id, major_id, year, province, min_score, min_rank, avg_score, plan_num, status) VALUES (344, 58, 98, 2022, '北京', 578, 12212, 583, 44, 1);
INSERT INTO admission_score (id, university_id, major_id, year, province, min_score, min_rank, avg_score, plan_num, status) VALUES (345, 58, 71, 2022, '山东', 621, 7914, 626, 26, 1);
INSERT INTO admission_score (id, university_id, major_id, year, province, min_score, min_rank, avg_score, plan_num, status) VALUES (346, 58, 91, 2023, '河南', 662, 3885, 667, 39, 1);
INSERT INTO admission_score (id, university_id, major_id, year, province, min_score, min_rank, avg_score, plan_num, status) VALUES (347, 58, 66, 2023, '浙江', 639, 6184, 644, 27, 1);
INSERT INTO admission_score (id, university_id, major_id, year, province, min_score, min_rank, avg_score, plan_num, status) VALUES (348, 58, 93, 2023, '江苏', 675, 2519, 680, 50, 1);
INSERT INTO admission_score (id, university_id, major_id, year, province, min_score, min_rank, avg_score, plan_num, status) VALUES (349, 59, 8, 2022, '江苏', 641, 5976, 646, 10, 1);
INSERT INTO admission_score (id, university_id, major_id, year, province, min_score, min_rank, avg_score, plan_num, status) VALUES (350, 59, 40, 2022, '广东', 646, 5476, 651, 44, 1);
INSERT INTO admission_score (id, university_id, major_id, year, province, min_score, min_rank, avg_score, plan_num, status) VALUES (351, 59, 58, 2022, '北京', 657, 4330, 662, 48, 1);
INSERT INTO admission_score (id, university_id, major_id, year, province, min_score, min_rank, avg_score, plan_num, status) VALUES (352, 59, 42, 2023, '湖北', 667, 3301, 672, 27, 1);
INSERT INTO admission_score (id, university_id, major_id, year, province, min_score, min_rank, avg_score, plan_num, status) VALUES (353, 59, 53, 2023, '广东', 668, 3280, 673, 49, 1);
INSERT INTO admission_score (id, university_id, major_id, year, province, min_score, min_rank, avg_score, plan_num, status) VALUES (354, 59, 82, 2023, '北京', 595, 10514, 600, 19, 1);
INSERT INTO admission_score (id, university_id, major_id, year, province, min_score, min_rank, avg_score, plan_num, status) VALUES (355, 60, 96, 2022, '广东', 557, 14333, 562, 42, 1);
INSERT INTO admission_score (id, university_id, major_id, year, province, min_score, min_rank, avg_score, plan_num, status) VALUES (356, 60, 88, 2022, '北京', 665, 3527, 670, 28, 1);
INSERT INTO admission_score (id, university_id, major_id, year, province, min_score, min_rank, avg_score, plan_num, status) VALUES (357, 60, 107, 2022, '山东', 676, 2487, 681, 13, 1);
INSERT INTO admission_score (id, university_id, major_id, year, province, min_score, min_rank, avg_score, plan_num, status) VALUES (358, 60, 77, 2023, '江苏', 571, 12992, 576, 10, 1);
INSERT INTO admission_score (id, university_id, major_id, year, province, min_score, min_rank, avg_score, plan_num, status) VALUES (359, 60, 58, 2023, '浙江', 639, 6121, 644, 34, 1);
INSERT INTO admission_score (id, university_id, major_id, year, province, min_score, min_rank, avg_score, plan_num, status) VALUES (360, 60, 64, 2023, '广东', 580, 12012, 585, 33, 1);
INSERT INTO admission_score (id, university_id, major_id, year, province, min_score, min_rank, avg_score, plan_num, status) VALUES (361, 61, 42, 2022, '山东', 657, 4352, 662, 45, 1);
INSERT INTO admission_score (id, university_id, major_id, year, province, min_score, min_rank, avg_score, plan_num, status) VALUES (362, 61, 9, 2022, '广东', 566, 13488, 571, 38, 1);
INSERT INTO admission_score (id, university_id, major_id, year, province, min_score, min_rank, avg_score, plan_num, status) VALUES (363, 61, 15, 2022, '湖北', 591, 10961, 596, 34, 1);
INSERT INTO admission_score (id, university_id, major_id, year, province, min_score, min_rank, avg_score, plan_num, status) VALUES (364, 61, 64, 2023, '四川', 592, 10857, 597, 16, 1);
INSERT INTO admission_score (id, university_id, major_id, year, province, min_score, min_rank, avg_score, plan_num, status) VALUES (365, 61, 30, 2023, '江苏', 664, 3669, 669, 11, 1);
INSERT INTO admission_score (id, university_id, major_id, year, province, min_score, min_rank, avg_score, plan_num, status) VALUES (366, 61, 105, 2023, '北京', 679, 2179, 684, 24, 1);
INSERT INTO admission_score (id, university_id, major_id, year, province, min_score, min_rank, avg_score, plan_num, status) VALUES (367, 62, 75, 2022, '湖北', 614, 8696, 619, 45, 1);
INSERT INTO admission_score (id, university_id, major_id, year, province, min_score, min_rank, avg_score, plan_num, status) VALUES (368, 62, 24, 2022, '广东', 589, 11183, 594, 39, 1);
INSERT INTO admission_score (id, university_id, major_id, year, province, min_score, min_rank, avg_score, plan_num, status) VALUES (369, 62, 22, 2022, '山东', 669, 3138, 674, 22, 1);
INSERT INTO admission_score (id, university_id, major_id, year, province, min_score, min_rank, avg_score, plan_num, status) VALUES (370, 62, 29, 2023, '江苏', 603, 9796, 608, 38, 1);
INSERT INTO admission_score (id, university_id, major_id, year, province, min_score, min_rank, avg_score, plan_num, status) VALUES (371, 62, 92, 2023, '山东', 620, 8047, 625, 16, 1);
INSERT INTO admission_score (id, university_id, major_id, year, province, min_score, min_rank, avg_score, plan_num, status) VALUES (372, 62, 71, 2023, '广东', 664, 3637, 669, 24, 1);
INSERT INTO admission_score (id, university_id, major_id, year, province, min_score, min_rank, avg_score, plan_num, status) VALUES (373, 63, 22, 2022, '广东', 661, 3982, 666, 13, 1);
INSERT INTO admission_score (id, university_id, major_id, year, province, min_score, min_rank, avg_score, plan_num, status) VALUES (374, 63, 26, 2022, '湖北', 604, 9647, 609, 28, 1);
INSERT INTO admission_score (id, university_id, major_id, year, province, min_score, min_rank, avg_score, plan_num, status) VALUES (375, 63, 29, 2022, '河南', 559, 14118, 564, 47, 1);
INSERT INTO admission_score (id, university_id, major_id, year, province, min_score, min_rank, avg_score, plan_num, status) VALUES (376, 63, 69, 2023, '广东', 636, 6461, 641, 38, 1);
INSERT INTO admission_score (id, university_id, major_id, year, province, min_score, min_rank, avg_score, plan_num, status) VALUES (377, 63, 70, 2023, '湖北', 663, 3768, 668, 43, 1);
INSERT INTO admission_score (id, university_id, major_id, year, province, min_score, min_rank, avg_score, plan_num, status) VALUES (378, 63, 72, 2023, '江苏', 639, 6167, 644, 49, 1);
INSERT INTO admission_score (id, university_id, major_id, year, province, min_score, min_rank, avg_score, plan_num, status) VALUES (379, 64, 91, 2022, '山东', 610, 9033, 615, 11, 1);
INSERT INTO admission_score (id, university_id, major_id, year, province, min_score, min_rank, avg_score, plan_num, status) VALUES (380, 64, 108, 2022, '广东', 580, 12023, 585, 35, 1);
INSERT INTO admission_score (id, university_id, major_id, year, province, min_score, min_rank, avg_score, plan_num, status) VALUES (381, 64, 67, 2022, '四川', 674, 2664, 679, 30, 1);
INSERT INTO admission_score (id, university_id, major_id, year, province, min_score, min_rank, avg_score, plan_num, status) VALUES (382, 64, 59, 2023, '河南', 674, 2609, 679, 37, 1);
INSERT INTO admission_score (id, university_id, major_id, year, province, min_score, min_rank, avg_score, plan_num, status) VALUES (383, 64, 73, 2023, '湖北', 607, 9328, 612, 23, 1);
INSERT INTO admission_score (id, university_id, major_id, year, province, min_score, min_rank, avg_score, plan_num, status) VALUES (384, 64, 27, 2023, '浙江', 643, 5758, 648, 29, 1);
INSERT INTO admission_score (id, university_id, major_id, year, province, min_score, min_rank, avg_score, plan_num, status) VALUES (385, 65, 93, 2022, '广东', 636, 6411, 641, 26, 1);
INSERT INTO admission_score (id, university_id, major_id, year, province, min_score, min_rank, avg_score, plan_num, status) VALUES (386, 65, 2, 2022, '北京', 646, 5436, 651, 14, 1);
INSERT INTO admission_score (id, university_id, major_id, year, province, min_score, min_rank, avg_score, plan_num, status) VALUES (387, 65, 81, 2022, '河南', 673, 2747, 678, 14, 1);
INSERT INTO admission_score (id, university_id, major_id, year, province, min_score, min_rank, avg_score, plan_num, status) VALUES (388, 65, 27, 2023, '山东', 606, 9447, 611, 35, 1);
INSERT INTO admission_score (id, university_id, major_id, year, province, min_score, min_rank, avg_score, plan_num, status) VALUES (389, 65, 21, 2023, '四川', 616, 8452, 621, 50, 1);
INSERT INTO admission_score (id, university_id, major_id, year, province, min_score, min_rank, avg_score, plan_num, status) VALUES (390, 65, 93, 2023, '湖北', 577, 12400, 582, 30, 1);
INSERT INTO admission_score (id, university_id, major_id, year, province, min_score, min_rank, avg_score, plan_num, status) VALUES (391, 66, 43, 2022, '湖北', 640, 6012, 645, 15, 1);
INSERT INTO admission_score (id, university_id, major_id, year, province, min_score, min_rank, avg_score, plan_num, status) VALUES (392, 66, 62, 2022, '北京', 593, 10730, 598, 35, 1);
INSERT INTO admission_score (id, university_id, major_id, year, province, min_score, min_rank, avg_score, plan_num, status) VALUES (393, 66, 7, 2022, '四川', 635, 6559, 640, 41, 1);
INSERT INTO admission_score (id, university_id, major_id, year, province, min_score, min_rank, avg_score, plan_num, status) VALUES (394, 66, 23, 2023, '广东', 607, 9388, 612, 39, 1);
INSERT INTO admission_score (id, university_id, major_id, year, province, min_score, min_rank, avg_score, plan_num, status) VALUES (395, 66, 30, 2023, '河南', 550, 15089, 555, 19, 1);
INSERT INTO admission_score (id, university_id, major_id, year, province, min_score, min_rank, avg_score, plan_num, status) VALUES (396, 66, 58, 2023, '山东', 628, 7216, 633, 19, 1);
INSERT INTO admission_score (id, university_id, major_id, year, province, min_score, min_rank, avg_score, plan_num, status) VALUES (397, 67, 7, 2022, '浙江', 667, 3316, 672, 12, 1);
INSERT INTO admission_score (id, university_id, major_id, year, province, min_score, min_rank, avg_score, plan_num, status) VALUES (398, 67, 1, 2022, '广东', 572, 12829, 577, 20, 1);
INSERT INTO admission_score (id, university_id, major_id, year, province, min_score, min_rank, avg_score, plan_num, status) VALUES (399, 67, 23, 2022, '江苏', 591, 10979, 596, 28, 1);
INSERT INTO admission_score (id, university_id, major_id, year, province, min_score, min_rank, avg_score, plan_num, status) VALUES (400, 67, 109, 2023, '湖北', 671, 2959, 676, 22, 1);
INSERT INTO admission_score (id, university_id, major_id, year, province, min_score, min_rank, avg_score, plan_num, status) VALUES (401, 67, 30, 2023, '广东', 577, 12352, 582, 39, 1);
INSERT INTO admission_score (id, university_id, major_id, year, province, min_score, min_rank, avg_score, plan_num, status) VALUES (402, 67, 68, 2023, '河南', 620, 8010, 625, 12, 1);
INSERT INTO admission_score (id, university_id, major_id, year, province, min_score, min_rank, avg_score, plan_num, status) VALUES (403, 68, 39, 2022, '北京', 670, 3051, 675, 18, 1);
INSERT INTO admission_score (id, university_id, major_id, year, province, min_score, min_rank, avg_score, plan_num, status) VALUES (404, 68, 109, 2022, '四川', 602, 9859, 607, 35, 1);
INSERT INTO admission_score (id, university_id, major_id, year, province, min_score, min_rank, avg_score, plan_num, status) VALUES (405, 68, 21, 2022, '山东', 552, 14812, 557, 21, 1);
INSERT INTO admission_score (id, university_id, major_id, year, province, min_score, min_rank, avg_score, plan_num, status) VALUES (406, 68, 13, 2023, '山东', 639, 6142, 644, 29, 1);
INSERT INTO admission_score (id, university_id, major_id, year, province, min_score, min_rank, avg_score, plan_num, status) VALUES (407, 68, 49, 2023, '河南', 558, 14216, 563, 28, 1);
INSERT INTO admission_score (id, university_id, major_id, year, province, min_score, min_rank, avg_score, plan_num, status) VALUES (408, 68, 27, 2023, '广东', 561, 13971, 566, 20, 1);
INSERT INTO admission_score (id, university_id, major_id, year, province, min_score, min_rank, avg_score, plan_num, status) VALUES (409, 69, 78, 2022, '江苏', 679, 2193, 684, 47, 1);
INSERT INTO admission_score (id, university_id, major_id, year, province, min_score, min_rank, avg_score, plan_num, status) VALUES (410, 69, 9, 2022, '湖北', 588, 11217, 593, 37, 1);
INSERT INTO admission_score (id, university_id, major_id, year, province, min_score, min_rank, avg_score, plan_num, status) VALUES (411, 69, 63, 2022, '山东', 653, 4731, 658, 43, 1);
INSERT INTO admission_score (id, university_id, major_id, year, province, min_score, min_rank, avg_score, plan_num, status) VALUES (412, 69, 98, 2023, '四川', 619, 8146, 624, 36, 1);
INSERT INTO admission_score (id, university_id, major_id, year, province, min_score, min_rank, avg_score, plan_num, status) VALUES (413, 69, 23, 2023, '湖北', 557, 14351, 562, 35, 1);
INSERT INTO admission_score (id, university_id, major_id, year, province, min_score, min_rank, avg_score, plan_num, status) VALUES (414, 69, 43, 2023, '广东', 559, 14134, 564, 15, 1);
INSERT INTO admission_score (id, university_id, major_id, year, province, min_score, min_rank, avg_score, plan_num, status) VALUES (415, 70, 45, 2022, '浙江', 604, 9658, 609, 16, 1);
INSERT INTO admission_score (id, university_id, major_id, year, province, min_score, min_rank, avg_score, plan_num, status) VALUES (416, 70, 4, 2022, '四川', 645, 5546, 650, 12, 1);
INSERT INTO admission_score (id, university_id, major_id, year, province, min_score, min_rank, avg_score, plan_num, status) VALUES (417, 70, 107, 2022, '广东', 563, 13704, 568, 30, 1);
INSERT INTO admission_score (id, university_id, major_id, year, province, min_score, min_rank, avg_score, plan_num, status) VALUES (418, 70, 21, 2023, '江苏', 568, 13286, 573, 38, 1);
INSERT INTO admission_score (id, university_id, major_id, year, province, min_score, min_rank, avg_score, plan_num, status) VALUES (419, 70, 93, 2023, '山东', 611, 9000, 616, 22, 1);
INSERT INTO admission_score (id, university_id, major_id, year, province, min_score, min_rank, avg_score, plan_num, status) VALUES (420, 70, 23, 2023, '浙江', 651, 4996, 656, 36, 1);
INSERT INTO admission_score (id, university_id, major_id, year, province, min_score, min_rank, avg_score, plan_num, status) VALUES (421, 71, 58, 2022, '河南', 611, 8930, 616, 36, 1);
INSERT INTO admission_score (id, university_id, major_id, year, province, min_score, min_rank, avg_score, plan_num, status) VALUES (422, 71, 24, 2022, '湖北', 664, 3691, 669, 45, 1);
INSERT INTO admission_score (id, university_id, major_id, year, province, min_score, min_rank, avg_score, plan_num, status) VALUES (423, 71, 18, 2022, '浙江', 590, 11064, 595, 34, 1);
INSERT INTO admission_score (id, university_id, major_id, year, province, min_score, min_rank, avg_score, plan_num, status) VALUES (424, 71, 97, 2023, '四川', 641, 5989, 646, 10, 1);
INSERT INTO admission_score (id, university_id, major_id, year, province, min_score, min_rank, avg_score, plan_num, status) VALUES (425, 71, 36, 2023, '北京', 580, 12095, 585, 44, 1);
INSERT INTO admission_score (id, university_id, major_id, year, province, min_score, min_rank, avg_score, plan_num, status) VALUES (426, 71, 2, 2023, '河南', 569, 13200, 574, 40, 1);
INSERT INTO admission_score (id, university_id, major_id, year, province, min_score, min_rank, avg_score, plan_num, status) VALUES (427, 72, 2, 2022, '浙江', 592, 10847, 597, 26, 1);
INSERT INTO admission_score (id, university_id, major_id, year, province, min_score, min_rank, avg_score, plan_num, status) VALUES (428, 72, 55, 2022, '河南', 561, 13964, 566, 25, 1);
INSERT INTO admission_score (id, university_id, major_id, year, province, min_score, min_rank, avg_score, plan_num, status) VALUES (429, 72, 7, 2022, '广东', 637, 6320, 642, 22, 1);
INSERT INTO admission_score (id, university_id, major_id, year, province, min_score, min_rank, avg_score, plan_num, status) VALUES (430, 72, 18, 2023, '浙江', 660, 4089, 665, 29, 1);
INSERT INTO admission_score (id, university_id, major_id, year, province, min_score, min_rank, avg_score, plan_num, status) VALUES (431, 72, 6, 2023, '江苏', 558, 14235, 563, 32, 1);
INSERT INTO admission_score (id, university_id, major_id, year, province, min_score, min_rank, avg_score, plan_num, status) VALUES (432, 72, 96, 2023, '山东', 638, 6298, 643, 50, 1);
INSERT INTO admission_score (id, university_id, major_id, year, province, min_score, min_rank, avg_score, plan_num, status) VALUES (433, 73, 86, 2022, '广东', 621, 7932, 626, 35, 1);
INSERT INTO admission_score (id, university_id, major_id, year, province, min_score, min_rank, avg_score, plan_num, status) VALUES (434, 73, 34, 2022, '浙江', 591, 10918, 596, 22, 1);
INSERT INTO admission_score (id, university_id, major_id, year, province, min_score, min_rank, avg_score, plan_num, status) VALUES (435, 73, 90, 2022, '北京', 623, 7728, 628, 40, 1);
INSERT INTO admission_score (id, university_id, major_id, year, province, min_score, min_rank, avg_score, plan_num, status) VALUES (436, 73, 110, 2023, '河南', 616, 8452, 621, 12, 1);
INSERT INTO admission_score (id, university_id, major_id, year, province, min_score, min_rank, avg_score, plan_num, status) VALUES (437, 73, 3, 2023, '浙江', 678, 2237, 683, 13, 1);
INSERT INTO admission_score (id, university_id, major_id, year, province, min_score, min_rank, avg_score, plan_num, status) VALUES (438, 73, 95, 2023, '北京', 597, 10383, 602, 16, 1);
INSERT INTO admission_score (id, university_id, major_id, year, province, min_score, min_rank, avg_score, plan_num, status) VALUES (439, 74, 57, 2022, '江苏', 614, 8684, 619, 24, 1);
INSERT INTO admission_score (id, university_id, major_id, year, province, min_score, min_rank, avg_score, plan_num, status) VALUES (440, 74, 85, 2022, '浙江', 577, 12353, 582, 38, 1);
INSERT INTO admission_score (id, university_id, major_id, year, province, min_score, min_rank, avg_score, plan_num, status) VALUES (441, 74, 41, 2022, '山东', 574, 12654, 579, 26, 1);
INSERT INTO admission_score (id, university_id, major_id, year, province, min_score, min_rank, avg_score, plan_num, status) VALUES (442, 74, 62, 2023, '北京', 573, 12736, 578, 24, 1);
INSERT INTO admission_score (id, university_id, major_id, year, province, min_score, min_rank, avg_score, plan_num, status) VALUES (443, 74, 80, 2023, '湖北', 640, 6079, 645, 23, 1);
INSERT INTO admission_score (id, university_id, major_id, year, province, min_score, min_rank, avg_score, plan_num, status) VALUES (444, 74, 88, 2023, '山东', 608, 9247, 613, 29, 1);
INSERT INTO admission_score (id, university_id, major_id, year, province, min_score, min_rank, avg_score, plan_num, status) VALUES (445, 75, 82, 2022, '河南', 671, 2993, 676, 12, 1);
INSERT INTO admission_score (id, university_id, major_id, year, province, min_score, min_rank, avg_score, plan_num, status) VALUES (446, 75, 36, 2022, '江苏', 558, 14274, 563, 31, 1);
INSERT INTO admission_score (id, university_id, major_id, year, province, min_score, min_rank, avg_score, plan_num, status) VALUES (447, 75, 19, 2022, '湖北', 622, 7857, 627, 21, 1);
INSERT INTO admission_score (id, university_id, major_id, year, province, min_score, min_rank, avg_score, plan_num, status) VALUES (448, 75, 12, 2023, '山东', 636, 6493, 641, 35, 1);
INSERT INTO admission_score (id, university_id, major_id, year, province, min_score, min_rank, avg_score, plan_num, status) VALUES (449, 75, 6, 2023, '湖北', 564, 13680, 569, 40, 1);
INSERT INTO admission_score (id, university_id, major_id, year, province, min_score, min_rank, avg_score, plan_num, status) VALUES (450, 75, 50, 2023, '北京', 586, 11411, 591, 15, 1);
INSERT INTO admission_score (id, university_id, major_id, year, province, min_score, min_rank, avg_score, plan_num, status) VALUES (451, 76, 9, 2022, '四川', 610, 9021, 615, 44, 1);
INSERT INTO admission_score (id, university_id, major_id, year, province, min_score, min_rank, avg_score, plan_num, status) VALUES (452, 76, 86, 2022, '北京', 655, 4542, 660, 29, 1);
INSERT INTO admission_score (id, university_id, major_id, year, province, min_score, min_rank, avg_score, plan_num, status) VALUES (453, 76, 84, 2022, '广东', 657, 4351, 662, 45, 1);
INSERT INTO admission_score (id, university_id, major_id, year, province, min_score, min_rank, avg_score, plan_num, status) VALUES (454, 76, 22, 2023, '山东', 599, 10164, 604, 47, 1);
INSERT INTO admission_score (id, university_id, major_id, year, province, min_score, min_rank, avg_score, plan_num, status) VALUES (455, 76, 77, 2023, '江苏', 650, 5092, 655, 19, 1);
INSERT INTO admission_score (id, university_id, major_id, year, province, min_score, min_rank, avg_score, plan_num, status) VALUES (456, 76, 71, 2023, '湖北', 659, 4128, 664, 44, 1);
INSERT INTO admission_score (id, university_id, major_id, year, province, min_score, min_rank, avg_score, plan_num, status) VALUES (457, 77, 65, 2022, '湖北', 652, 4845, 657, 14, 1);
INSERT INTO admission_score (id, university_id, major_id, year, province, min_score, min_rank, avg_score, plan_num, status) VALUES (458, 77, 49, 2022, '山东', 564, 13633, 569, 34, 1);
INSERT INTO admission_score (id, university_id, major_id, year, province, min_score, min_rank, avg_score, plan_num, status) VALUES (459, 77, 46, 2022, '河南', 565, 13528, 570, 47, 1);
INSERT INTO admission_score (id, university_id, major_id, year, province, min_score, min_rank, avg_score, plan_num, status) VALUES (460, 77, 74, 2023, '浙江', 634, 6620, 639, 24, 1);
INSERT INTO admission_score (id, university_id, major_id, year, province, min_score, min_rank, avg_score, plan_num, status) VALUES (461, 77, 4, 2023, '江苏', 630, 7005, 635, 43, 1);
INSERT INTO admission_score (id, university_id, major_id, year, province, min_score, min_rank, avg_score, plan_num, status) VALUES (462, 77, 56, 2023, '湖北', 657, 4311, 662, 50, 1);
INSERT INTO admission_score (id, university_id, major_id, year, province, min_score, min_rank, avg_score, plan_num, status) VALUES (463, 78, 89, 2022, '四川', 629, 7193, 634, 24, 1);
INSERT INTO admission_score (id, university_id, major_id, year, province, min_score, min_rank, avg_score, plan_num, status) VALUES (464, 78, 64, 2022, '浙江', 584, 11645, 589, 34, 1);
INSERT INTO admission_score (id, university_id, major_id, year, province, min_score, min_rank, avg_score, plan_num, status) VALUES (465, 78, 25, 2022, '湖北', 608, 9275, 613, 15, 1);
INSERT INTO admission_score (id, university_id, major_id, year, province, min_score, min_rank, avg_score, plan_num, status) VALUES (466, 78, 37, 2023, '四川', 632, 6831, 637, 28, 1);
INSERT INTO admission_score (id, university_id, major_id, year, province, min_score, min_rank, avg_score, plan_num, status) VALUES (467, 78, 58, 2023, '河南', 568, 13231, 573, 49, 1);
INSERT INTO admission_score (id, university_id, major_id, year, province, min_score, min_rank, avg_score, plan_num, status) VALUES (468, 78, 100, 2023, '北京', 612, 8893, 617, 34, 1);
INSERT INTO admission_score (id, university_id, major_id, year, province, min_score, min_rank, avg_score, plan_num, status) VALUES (469, 79, 85, 2022, '浙江', 665, 3588, 670, 20, 1);
INSERT INTO admission_score (id, university_id, major_id, year, province, min_score, min_rank, avg_score, plan_num, status) VALUES (470, 79, 57, 2022, '广东', 626, 7408, 631, 47, 1);
INSERT INTO admission_score (id, university_id, major_id, year, province, min_score, min_rank, avg_score, plan_num, status) VALUES (471, 79, 84, 2022, '山东', 574, 12620, 579, 27, 1);
INSERT INTO admission_score (id, university_id, major_id, year, province, min_score, min_rank, avg_score, plan_num, status) VALUES (472, 79, 93, 2023, '广东', 577, 12344, 582, 39, 1);
INSERT INTO admission_score (id, university_id, major_id, year, province, min_score, min_rank, avg_score, plan_num, status) VALUES (473, 79, 54, 2023, '浙江', 554, 14691, 559, 46, 1);
INSERT INTO admission_score (id, university_id, major_id, year, province, min_score, min_rank, avg_score, plan_num, status) VALUES (474, 79, 40, 2023, '湖北', 572, 12802, 577, 19, 1);
INSERT INTO admission_score (id, university_id, major_id, year, province, min_score, min_rank, avg_score, plan_num, status) VALUES (475, 80, 58, 2022, '河南', 675, 2525, 680, 16, 1);
INSERT INTO admission_score (id, university_id, major_id, year, province, min_score, min_rank, avg_score, plan_num, status) VALUES (476, 80, 51, 2022, '浙江', 626, 7470, 631, 22, 1);
INSERT INTO admission_score (id, university_id, major_id, year, province, min_score, min_rank, avg_score, plan_num, status) VALUES (477, 80, 81, 2022, '北京', 567, 13381, 572, 32, 1);
INSERT INTO admission_score (id, university_id, major_id, year, province, min_score, min_rank, avg_score, plan_num, status) VALUES (478, 80, 42, 2023, '江苏', 621, 7968, 626, 11, 1);
INSERT INTO admission_score (id, university_id, major_id, year, province, min_score, min_rank, avg_score, plan_num, status) VALUES (479, 80, 51, 2023, '四川', 569, 13115, 574, 36, 1);
INSERT INTO admission_score (id, university_id, major_id, year, province, min_score, min_rank, avg_score, plan_num, status) VALUES (480, 80, 96, 2023, '浙江', 587, 11313, 592, 12, 1);
INSERT INTO admission_score (id, university_id, major_id, year, province, min_score, min_rank, avg_score, plan_num, status) VALUES (481, 81, 22, 2022, '湖北', 608, 9260, 613, 10, 1);
INSERT INTO admission_score (id, university_id, major_id, year, province, min_score, min_rank, avg_score, plan_num, status) VALUES (482, 81, 83, 2022, '浙江', 603, 9771, 608, 48, 1);
INSERT INTO admission_score (id, university_id, major_id, year, province, min_score, min_rank, avg_score, plan_num, status) VALUES (483, 81, 93, 2022, '北京', 603, 9777, 608, 35, 1);
INSERT INTO admission_score (id, university_id, major_id, year, province, min_score, min_rank, avg_score, plan_num, status) VALUES (484, 81, 98, 2023, '北京', 654, 4682, 659, 46, 1);
INSERT INTO admission_score (id, university_id, major_id, year, province, min_score, min_rank, avg_score, plan_num, status) VALUES (485, 81, 14, 2023, '广东', 609, 9133, 614, 27, 1);
INSERT INTO admission_score (id, university_id, major_id, year, province, min_score, min_rank, avg_score, plan_num, status) VALUES (486, 81, 81, 2023, '湖北', 652, 4857, 657, 38, 1);
INSERT INTO admission_score (id, university_id, major_id, year, province, min_score, min_rank, avg_score, plan_num, status) VALUES (487, 82, 88, 2022, '浙江', 631, 6956, 636, 46, 1);
INSERT INTO admission_score (id, university_id, major_id, year, province, min_score, min_rank, avg_score, plan_num, status) VALUES (488, 82, 75, 2022, '山东', 577, 12386, 582, 34, 1);
INSERT INTO admission_score (id, university_id, major_id, year, province, min_score, min_rank, avg_score, plan_num, status) VALUES (489, 82, 30, 2022, '北京', 565, 13594, 570, 19, 1);
INSERT INTO admission_score (id, university_id, major_id, year, province, min_score, min_rank, avg_score, plan_num, status) VALUES (490, 82, 100, 2023, '广东', 574, 12673, 579, 31, 1);
INSERT INTO admission_score (id, university_id, major_id, year, province, min_score, min_rank, avg_score, plan_num, status) VALUES (491, 82, 8, 2023, '江苏', 646, 5480, 651, 26, 1);
INSERT INTO admission_score (id, university_id, major_id, year, province, min_score, min_rank, avg_score, plan_num, status) VALUES (492, 82, 18, 2023, '湖北', 655, 4533, 660, 25, 1);
INSERT INTO admission_score (id, university_id, major_id, year, province, min_score, min_rank, avg_score, plan_num, status) VALUES (493, 83, 42, 2022, '四川', 679, 2126, 684, 11, 1);
INSERT INTO admission_score (id, university_id, major_id, year, province, min_score, min_rank, avg_score, plan_num, status) VALUES (494, 83, 31, 2022, '广东', 654, 4618, 659, 43, 1);
INSERT INTO admission_score (id, university_id, major_id, year, province, min_score, min_rank, avg_score, plan_num, status) VALUES (495, 83, 101, 2022, '湖北', 636, 6422, 641, 37, 1);
INSERT INTO admission_score (id, university_id, major_id, year, province, min_score, min_rank, avg_score, plan_num, status) VALUES (496, 83, 30, 2023, '四川', 636, 6465, 641, 15, 1);
INSERT INTO admission_score (id, university_id, major_id, year, province, min_score, min_rank, avg_score, plan_num, status) VALUES (497, 83, 17, 2023, '浙江', 614, 8622, 619, 22, 1);
INSERT INTO admission_score (id, university_id, major_id, year, province, min_score, min_rank, avg_score, plan_num, status) VALUES (498, 83, 1, 2023, '江苏', 639, 6120, 644, 18, 1);
INSERT INTO admission_score (id, university_id, major_id, year, province, min_score, min_rank, avg_score, plan_num, status) VALUES (499, 84, 31, 2022, '湖北', 589, 11178, 594, 32, 1);
INSERT INTO admission_score (id, university_id, major_id, year, province, min_score, min_rank, avg_score, plan_num, status) VALUES (500, 84, 52, 2022, '四川', 621, 7947, 626, 20, 1);
INSERT INTO admission_score (id, university_id, major_id, year, province, min_score, min_rank, avg_score, plan_num, status) VALUES (501, 84, 59, 2022, '浙江', 677, 2350, 682, 23, 1);
INSERT INTO admission_score (id, university_id, major_id, year, province, min_score, min_rank, avg_score, plan_num, status) VALUES (502, 84, 30, 2023, '江苏', 551, 15000, 556, 38, 1);
INSERT INTO admission_score (id, university_id, major_id, year, province, min_score, min_rank, avg_score, plan_num, status) VALUES (503, 84, 23, 2023, '四川', 557, 14359, 562, 21, 1);
INSERT INTO admission_score (id, university_id, major_id, year, province, min_score, min_rank, avg_score, plan_num, status) VALUES (504, 84, 34, 2023, '广东', 595, 10596, 600, 30, 1);
INSERT INTO admission_score (id, university_id, major_id, year, province, min_score, min_rank, avg_score, plan_num, status) VALUES (505, 85, 104, 2022, '广东', 671, 2933, 676, 27, 1);
INSERT INTO admission_score (id, university_id, major_id, year, province, min_score, min_rank, avg_score, plan_num, status) VALUES (506, 85, 108, 2022, '山东', 625, 7580, 630, 39, 1);
INSERT INTO admission_score (id, university_id, major_id, year, province, min_score, min_rank, avg_score, plan_num, status) VALUES (507, 85, 64, 2022, '湖北', 631, 6904, 636, 13, 1);
INSERT INTO admission_score (id, university_id, major_id, year, province, min_score, min_rank, avg_score, plan_num, status) VALUES (508, 85, 26, 2023, '四川', 580, 12065, 585, 47, 1);
INSERT INTO admission_score (id, university_id, major_id, year, province, min_score, min_rank, avg_score, plan_num, status) VALUES (509, 85, 30, 2023, '广东', 646, 5469, 651, 23, 1);
INSERT INTO admission_score (id, university_id, major_id, year, province, min_score, min_rank, avg_score, plan_num, status) VALUES (510, 85, 110, 2023, '浙江', 564, 13644, 569, 17, 1);
INSERT INTO admission_score (id, university_id, major_id, year, province, min_score, min_rank, avg_score, plan_num, status) VALUES (511, 86, 82, 2022, '浙江', 609, 9175, 614, 11, 1);
INSERT INTO admission_score (id, university_id, major_id, year, province, min_score, min_rank, avg_score, plan_num, status) VALUES (512, 86, 65, 2022, '河南', 600, 10086, 605, 23, 1);
INSERT INTO admission_score (id, university_id, major_id, year, province, min_score, min_rank, avg_score, plan_num, status) VALUES (513, 86, 78, 2022, '北京', 656, 4415, 661, 17, 1);
INSERT INTO admission_score (id, university_id, major_id, year, province, min_score, min_rank, avg_score, plan_num, status) VALUES (514, 86, 49, 2023, '湖北', 624, 7601, 629, 35, 1);
INSERT INTO admission_score (id, university_id, major_id, year, province, min_score, min_rank, avg_score, plan_num, status) VALUES (515, 86, 94, 2023, '河南', 644, 5653, 649, 49, 1);
INSERT INTO admission_score (id, university_id, major_id, year, province, min_score, min_rank, avg_score, plan_num, status) VALUES (516, 86, 103, 2023, '广东', 557, 14358, 562, 36, 1);
INSERT INTO admission_score (id, university_id, major_id, year, province, min_score, min_rank, avg_score, plan_num, status) VALUES (517, 87, 81, 2022, '山东', 609, 9111, 614, 13, 1);
INSERT INTO admission_score (id, university_id, major_id, year, province, min_score, min_rank, avg_score, plan_num, status) VALUES (518, 87, 21, 2022, '四川', 675, 2533, 680, 27, 1);
INSERT INTO admission_score (id, university_id, major_id, year, province, min_score, min_rank, avg_score, plan_num, status) VALUES (519, 87, 89, 2022, '广东', 598, 10291, 603, 42, 1);
INSERT INTO admission_score (id, university_id, major_id, year, province, min_score, min_rank, avg_score, plan_num, status) VALUES (520, 87, 20, 2023, '广东', 624, 7680, 629, 26, 1);
INSERT INTO admission_score (id, university_id, major_id, year, province, min_score, min_rank, avg_score, plan_num, status) VALUES (521, 87, 93, 2023, '河南', 663, 3745, 668, 49, 1);
INSERT INTO admission_score (id, university_id, major_id, year, province, min_score, min_rank, avg_score, plan_num, status) VALUES (522, 87, 46, 2023, '浙江', 646, 5446, 651, 35, 1);
INSERT INTO admission_score (id, university_id, major_id, year, province, min_score, min_rank, avg_score, plan_num, status) VALUES (523, 88, 48, 2022, '湖北', 628, 7206, 633, 23, 1);
INSERT INTO admission_score (id, university_id, major_id, year, province, min_score, min_rank, avg_score, plan_num, status) VALUES (524, 88, 104, 2022, '河南', 576, 12452, 581, 12, 1);
INSERT INTO admission_score (id, university_id, major_id, year, province, min_score, min_rank, avg_score, plan_num, status) VALUES (525, 88, 66, 2022, '北京', 605, 9593, 610, 18, 1);
INSERT INTO admission_score (id, university_id, major_id, year, province, min_score, min_rank, avg_score, plan_num, status) VALUES (526, 88, 61, 2023, '浙江', 574, 12669, 579, 22, 1);
INSERT INTO admission_score (id, university_id, major_id, year, province, min_score, min_rank, avg_score, plan_num, status) VALUES (527, 88, 43, 2023, '四川', 552, 14844, 557, 49, 1);
INSERT INTO admission_score (id, university_id, major_id, year, province, min_score, min_rank, avg_score, plan_num, status) VALUES (528, 88, 95, 2023, '河南', 671, 2932, 676, 46, 1);
INSERT INTO admission_score (id, university_id, major_id, year, province, min_score, min_rank, avg_score, plan_num, status) VALUES (529, 89, 43, 2022, '四川', 662, 3802, 667, 17, 1);
INSERT INTO admission_score (id, university_id, major_id, year, province, min_score, min_rank, avg_score, plan_num, status) VALUES (530, 89, 70, 2022, '河南', 604, 9679, 609, 23, 1);
INSERT INTO admission_score (id, university_id, major_id, year, province, min_score, min_rank, avg_score, plan_num, status) VALUES (531, 89, 10, 2022, '湖北', 667, 3322, 672, 42, 1);
INSERT INTO admission_score (id, university_id, major_id, year, province, min_score, min_rank, avg_score, plan_num, status) VALUES (532, 89, 54, 2023, '北京', 622, 7855, 627, 19, 1);
INSERT INTO admission_score (id, university_id, major_id, year, province, min_score, min_rank, avg_score, plan_num, status) VALUES (533, 89, 15, 2023, '广东', 606, 9445, 611, 45, 1);
INSERT INTO admission_score (id, university_id, major_id, year, province, min_score, min_rank, avg_score, plan_num, status) VALUES (534, 89, 20, 2023, '山东', 671, 2974, 676, 16, 1);
INSERT INTO admission_score (id, university_id, major_id, year, province, min_score, min_rank, avg_score, plan_num, status) VALUES (535, 90, 98, 2022, '浙江', 680, 2006, 685, 28, 1);
INSERT INTO admission_score (id, university_id, major_id, year, province, min_score, min_rank, avg_score, plan_num, status) VALUES (536, 90, 26, 2022, '广东', 632, 6801, 637, 36, 1);
INSERT INTO admission_score (id, university_id, major_id, year, province, min_score, min_rank, avg_score, plan_num, status) VALUES (537, 90, 99, 2022, '四川', 652, 4872, 657, 43, 1);
INSERT INTO admission_score (id, university_id, major_id, year, province, min_score, min_rank, avg_score, plan_num, status) VALUES (538, 90, 19, 2023, '山东', 554, 14681, 559, 42, 1);
INSERT INTO admission_score (id, university_id, major_id, year, province, min_score, min_rank, avg_score, plan_num, status) VALUES (539, 90, 33, 2023, '广东', 557, 14373, 562, 44, 1);
INSERT INTO admission_score (id, university_id, major_id, year, province, min_score, min_rank, avg_score, plan_num, status) VALUES (540, 90, 30, 2023, '湖北', 644, 5639, 649, 16, 1);
INSERT INTO admission_score (id, university_id, major_id, year, province, min_score, min_rank, avg_score, plan_num, status) VALUES (541, 91, 72, 2022, '江苏', 550, 15092, 555, 17, 1);
INSERT INTO admission_score (id, university_id, major_id, year, province, min_score, min_rank, avg_score, plan_num, status) VALUES (542, 91, 66, 2022, '湖北', 626, 7417, 631, 26, 1);
INSERT INTO admission_score (id, university_id, major_id, year, province, min_score, min_rank, avg_score, plan_num, status) VALUES (543, 91, 82, 2022, '四川', 648, 5224, 653, 44, 1);
INSERT INTO admission_score (id, university_id, major_id, year, province, min_score, min_rank, avg_score, plan_num, status) VALUES (544, 91, 86, 2023, '浙江', 621, 7908, 626, 41, 1);
INSERT INTO admission_score (id, university_id, major_id, year, province, min_score, min_rank, avg_score, plan_num, status) VALUES (545, 91, 2, 2023, '江苏', 612, 8900, 617, 42, 1);
INSERT INTO admission_score (id, university_id, major_id, year, province, min_score, min_rank, avg_score, plan_num, status) VALUES (546, 91, 79, 2023, '北京', 574, 12626, 579, 46, 1);
INSERT INTO admission_score (id, university_id, major_id, year, province, min_score, min_rank, avg_score, plan_num, status) VALUES (547, 92, 81, 2022, '河南', 636, 6424, 641, 24, 1);
INSERT INTO admission_score (id, university_id, major_id, year, province, min_score, min_rank, avg_score, plan_num, status) VALUES (548, 92, 15, 2022, '浙江', 649, 5132, 654, 36, 1);
INSERT INTO admission_score (id, university_id, major_id, year, province, min_score, min_rank, avg_score, plan_num, status) VALUES (549, 92, 74, 2022, '广东', 550, 15031, 555, 12, 1);
INSERT INTO admission_score (id, university_id, major_id, year, province, min_score, min_rank, avg_score, plan_num, status) VALUES (550, 92, 66, 2023, '湖北', 676, 2478, 681, 32, 1);
INSERT INTO admission_score (id, university_id, major_id, year, province, min_score, min_rank, avg_score, plan_num, status) VALUES (551, 92, 55, 2023, '广东', 591, 10937, 596, 39, 1);
INSERT INTO admission_score (id, university_id, major_id, year, province, min_score, min_rank, avg_score, plan_num, status) VALUES (552, 92, 105, 2023, '江苏', 626, 7470, 631, 26, 1);
INSERT INTO admission_score (id, university_id, major_id, year, province, min_score, min_rank, avg_score, plan_num, status) VALUES (553, 93, 35, 2022, '山东', 568, 13275, 573, 50, 1);
INSERT INTO admission_score (id, university_id, major_id, year, province, min_score, min_rank, avg_score, plan_num, status) VALUES (554, 93, 4, 2022, '湖北', 577, 12305, 582, 49, 1);
INSERT INTO admission_score (id, university_id, major_id, year, province, min_score, min_rank, avg_score, plan_num, status) VALUES (555, 93, 91, 2022, '北京', 654, 4688, 659, 10, 1);
INSERT INTO admission_score (id, university_id, major_id, year, province, min_score, min_rank, avg_score, plan_num, status) VALUES (556, 93, 75, 2023, '山东', 668, 3274, 673, 25, 1);
INSERT INTO admission_score (id, university_id, major_id, year, province, min_score, min_rank, avg_score, plan_num, status) VALUES (557, 93, 96, 2023, '四川', 591, 10963, 596, 33, 1);
INSERT INTO admission_score (id, university_id, major_id, year, province, min_score, min_rank, avg_score, plan_num, status) VALUES (558, 93, 41, 2023, '广东', 673, 2729, 678, 43, 1);
INSERT INTO admission_score (id, university_id, major_id, year, province, min_score, min_rank, avg_score, plan_num, status) VALUES (559, 94, 66, 2022, '湖北', 589, 11119, 594, 46, 1);
INSERT INTO admission_score (id, university_id, major_id, year, province, min_score, min_rank, avg_score, plan_num, status) VALUES (560, 94, 69, 2022, '浙江', 588, 11284, 593, 12, 1);
INSERT INTO admission_score (id, university_id, major_id, year, province, min_score, min_rank, avg_score, plan_num, status) VALUES (561, 94, 10, 2022, '河南', 571, 12996, 576, 46, 1);
INSERT INTO admission_score (id, university_id, major_id, year, province, min_score, min_rank, avg_score, plan_num, status) VALUES (562, 94, 39, 2023, '河南', 643, 5732, 648, 45, 1);
INSERT INTO admission_score (id, university_id, major_id, year, province, min_score, min_rank, avg_score, plan_num, status) VALUES (563, 94, 105, 2023, '北京', 680, 2041, 685, 42, 1);
INSERT INTO admission_score (id, university_id, major_id, year, province, min_score, min_rank, avg_score, plan_num, status) VALUES (564, 94, 53, 2023, '江苏', 561, 13957, 566, 19, 1);
INSERT INTO admission_score (id, university_id, major_id, year, province, min_score, min_rank, avg_score, plan_num, status) VALUES (565, 95, 61, 2022, '湖北', 617, 8389, 622, 38, 1);
INSERT INTO admission_score (id, university_id, major_id, year, province, min_score, min_rank, avg_score, plan_num, status) VALUES (566, 95, 54, 2022, '河南', 623, 7756, 628, 34, 1);
INSERT INTO admission_score (id, university_id, major_id, year, province, min_score, min_rank, avg_score, plan_num, status) VALUES (567, 95, 40, 2022, '四川', 567, 13391, 572, 50, 1);
INSERT INTO admission_score (id, university_id, major_id, year, province, min_score, min_rank, avg_score, plan_num, status) VALUES (568, 95, 71, 2023, '湖北', 659, 4122, 664, 39, 1);
INSERT INTO admission_score (id, university_id, major_id, year, province, min_score, min_rank, avg_score, plan_num, status) VALUES (569, 95, 102, 2023, '河南', 566, 13492, 571, 38, 1);
INSERT INTO admission_score (id, university_id, major_id, year, province, min_score, min_rank, avg_score, plan_num, status) VALUES (570, 95, 85, 2023, '广东', 653, 4785, 658, 26, 1);
INSERT INTO admission_score (id, university_id, major_id, year, province, min_score, min_rank, avg_score, plan_num, status) VALUES (571, 96, 46, 2022, '广东', 653, 4742, 658, 47, 1);
INSERT INTO admission_score (id, university_id, major_id, year, province, min_score, min_rank, avg_score, plan_num, status) VALUES (572, 96, 40, 2022, '湖北', 612, 8826, 617, 20, 1);
INSERT INTO admission_score (id, university_id, major_id, year, province, min_score, min_rank, avg_score, plan_num, status) VALUES (573, 96, 35, 2022, '山东', 614, 8685, 619, 42, 1);
INSERT INTO admission_score (id, university_id, major_id, year, province, min_score, min_rank, avg_score, plan_num, status) VALUES (574, 96, 107, 2023, '湖北', 666, 3472, 671, 42, 1);
INSERT INTO admission_score (id, university_id, major_id, year, province, min_score, min_rank, avg_score, plan_num, status) VALUES (575, 96, 17, 2023, '浙江', 654, 4628, 659, 43, 1);
INSERT INTO admission_score (id, university_id, major_id, year, province, min_score, min_rank, avg_score, plan_num, status) VALUES (576, 96, 71, 2023, '北京', 562, 13809, 567, 33, 1);
INSERT INTO admission_score (id, university_id, major_id, year, province, min_score, min_rank, avg_score, plan_num, status) VALUES (577, 97, 67, 2022, '北京', 593, 10704, 598, 38, 1);
INSERT INTO admission_score (id, university_id, major_id, year, province, min_score, min_rank, avg_score, plan_num, status) VALUES (578, 97, 20, 2022, '广东', 580, 12056, 585, 38, 1);
INSERT INTO admission_score (id, university_id, major_id, year, province, min_score, min_rank, avg_score, plan_num, status) VALUES (579, 97, 53, 2022, '浙江', 563, 13734, 568, 15, 1);
INSERT INTO admission_score (id, university_id, major_id, year, province, min_score, min_rank, avg_score, plan_num, status) VALUES (580, 97, 68, 2023, '北京', 604, 9643, 609, 44, 1);
INSERT INTO admission_score (id, university_id, major_id, year, province, min_score, min_rank, avg_score, plan_num, status) VALUES (581, 97, 82, 2023, '浙江', 581, 11910, 586, 39, 1);
INSERT INTO admission_score (id, university_id, major_id, year, province, min_score, min_rank, avg_score, plan_num, status) VALUES (582, 97, 68, 2023, '江苏', 594, 10631, 599, 44, 1);
INSERT INTO admission_score (id, university_id, major_id, year, province, min_score, min_rank, avg_score, plan_num, status) VALUES (583, 98, 22, 2022, '河南', 574, 12646, 579, 19, 1);
INSERT INTO admission_score (id, university_id, major_id, year, province, min_score, min_rank, avg_score, plan_num, status) VALUES (584, 98, 67, 2022, '江苏', 555, 14524, 560, 24, 1);
INSERT INTO admission_score (id, university_id, major_id, year, province, min_score, min_rank, avg_score, plan_num, status) VALUES (585, 98, 74, 2022, '广东', 595, 10545, 600, 45, 1);
INSERT INTO admission_score (id, university_id, major_id, year, province, min_score, min_rank, avg_score, plan_num, status) VALUES (586, 98, 2, 2023, '山东', 550, 15031, 555, 30, 1);
INSERT INTO admission_score (id, university_id, major_id, year, province, min_score, min_rank, avg_score, plan_num, status) VALUES (587, 98, 30, 2023, '四川', 628, 7202, 633, 18, 1);
INSERT INTO admission_score (id, university_id, major_id, year, province, min_score, min_rank, avg_score, plan_num, status) VALUES (588, 98, 110, 2023, '北京', 584, 11689, 589, 27, 1);
INSERT INTO admission_score (id, university_id, major_id, year, province, min_score, min_rank, avg_score, plan_num, status) VALUES (589, 99, 61, 2022, '河南', 572, 12867, 577, 31, 1);
INSERT INTO admission_score (id, university_id, major_id, year, province, min_score, min_rank, avg_score, plan_num, status) VALUES (590, 99, 9, 2022, '浙江', 563, 13730, 568, 31, 1);
INSERT INTO admission_score (id, university_id, major_id, year, province, min_score, min_rank, avg_score, plan_num, status) VALUES (591, 99, 28, 2022, '山东', 634, 6604, 639, 23, 1);
INSERT INTO admission_score (id, university_id, major_id, year, province, min_score, min_rank, avg_score, plan_num, status) VALUES (592, 99, 46, 2023, '江苏', 572, 12887, 577, 35, 1);
INSERT INTO admission_score (id, university_id, major_id, year, province, min_score, min_rank, avg_score, plan_num, status) VALUES (593, 99, 32, 2023, '北京', 627, 7350, 632, 16, 1);
INSERT INTO admission_score (id, university_id, major_id, year, province, min_score, min_rank, avg_score, plan_num, status) VALUES (594, 99, 93, 2023, '山东', 663, 3719, 668, 24, 1);
INSERT INTO admission_score (id, university_id, major_id, year, province, min_score, min_rank, avg_score, plan_num, status) VALUES (595, 100, 97, 2022, '江苏', 656, 4423, 661, 18, 1);
INSERT INTO admission_score (id, university_id, major_id, year, province, min_score, min_rank, avg_score, plan_num, status) VALUES (596, 100, 23, 2022, '湖北', 653, 4798, 658, 20, 1);
INSERT INTO admission_score (id, university_id, major_id, year, province, min_score, min_rank, avg_score, plan_num, status) VALUES (597, 100, 32, 2022, '北京', 658, 4259, 663, 28, 1);
INSERT INTO admission_score (id, university_id, major_id, year, province, min_score, min_rank, avg_score, plan_num, status) VALUES (598, 100, 30, 2023, '湖北', 607, 9394, 612, 12, 1);
INSERT INTO admission_score (id, university_id, major_id, year, province, min_score, min_rank, avg_score, plan_num, status) VALUES (599, 100, 59, 2023, '四川', 646, 5454, 651, 45, 1);
INSERT INTO admission_score (id, university_id, major_id, year, province, min_score, min_rank, avg_score, plan_num, status) VALUES (600, 100, 20, 2023, '浙江', 568, 13220, 573, 24, 1);
INSERT INTO admission_score (id, university_id, major_id, year, province, min_score, min_rank, avg_score, plan_num, status) VALUES (601, 101, 83, 2022, '广东', 604, 9608, 609, 38, 1);
INSERT INTO admission_score (id, university_id, major_id, year, province, min_score, min_rank, avg_score, plan_num, status) VALUES (602, 101, 23, 2022, '河南', 553, 14712, 558, 27, 1);
INSERT INTO admission_score (id, university_id, major_id, year, province, min_score, min_rank, avg_score, plan_num, status) VALUES (603, 101, 20, 2022, '湖北', 566, 13471, 571, 44, 1);
INSERT INTO admission_score (id, university_id, major_id, year, province, min_score, min_rank, avg_score, plan_num, status) VALUES (604, 101, 59, 2023, '浙江', 631, 6950, 636, 31, 1);
INSERT INTO admission_score (id, university_id, major_id, year, province, min_score, min_rank, avg_score, plan_num, status) VALUES (605, 101, 1, 2023, '河南', 568, 13254, 573, 24, 1);
INSERT INTO admission_score (id, university_id, major_id, year, province, min_score, min_rank, avg_score, plan_num, status) VALUES (606, 101, 2, 2023, '山东', 642, 5802, 647, 27, 1);
INSERT INTO admission_score (id, university_id, major_id, year, province, min_score, min_rank, avg_score, plan_num, status) VALUES (607, 102, 42, 2022, '四川', 606, 9489, 611, 37, 1);
INSERT INTO admission_score (id, university_id, major_id, year, province, min_score, min_rank, avg_score, plan_num, status) VALUES (608, 102, 12, 2022, '湖北', 644, 5612, 649, 36, 1);
INSERT INTO admission_score (id, university_id, major_id, year, province, min_score, min_rank, avg_score, plan_num, status) VALUES (609, 102, 105, 2022, '河南', 576, 12472, 581, 41, 1);
INSERT INTO admission_score (id, university_id, major_id, year, province, min_score, min_rank, avg_score, plan_num, status) VALUES (610, 102, 42, 2023, '四川', 621, 7948, 626, 44, 1);
INSERT INTO admission_score (id, university_id, major_id, year, province, min_score, min_rank, avg_score, plan_num, status) VALUES (611, 102, 38, 2023, '广东', 649, 5109, 654, 28, 1);
INSERT INTO admission_score (id, university_id, major_id, year, province, min_score, min_rank, avg_score, plan_num, status) VALUES (612, 102, 47, 2023, '湖北', 574, 12647, 579, 39, 1);
INSERT INTO admission_score (id, university_id, major_id, year, province, min_score, min_rank, avg_score, plan_num, status) VALUES (613, 103, 20, 2022, '山东', 634, 6639, 639, 11, 1);
INSERT INTO admission_score (id, university_id, major_id, year, province, min_score, min_rank, avg_score, plan_num, status) VALUES (614, 103, 11, 2022, '浙江', 592, 10875, 597, 50, 1);
INSERT INTO admission_score (id, university_id, major_id, year, province, min_score, min_rank, avg_score, plan_num, status) VALUES (615, 103, 100, 2022, '北京', 633, 6768, 638, 28, 1);
INSERT INTO admission_score (id, university_id, major_id, year, province, min_score, min_rank, avg_score, plan_num, status) VALUES (616, 103, 16, 2023, '浙江', 669, 3120, 674, 16, 1);
INSERT INTO admission_score (id, university_id, major_id, year, province, min_score, min_rank, avg_score, plan_num, status) VALUES (617, 103, 20, 2023, '山东', 660, 4037, 665, 45, 1);
INSERT INTO admission_score (id, university_id, major_id, year, province, min_score, min_rank, avg_score, plan_num, status) VALUES (618, 103, 1, 2023, '广东', 638, 6263, 643, 43, 1);
INSERT INTO admission_score (id, university_id, major_id, year, province, min_score, min_rank, avg_score, plan_num, status) VALUES (619, 104, 22, 2022, '北京', 621, 7995, 626, 21, 1);
INSERT INTO admission_score (id, university_id, major_id, year, province, min_score, min_rank, avg_score, plan_num, status) VALUES (620, 104, 4, 2022, '浙江', 657, 4309, 662, 15, 1);
INSERT INTO admission_score (id, university_id, major_id, year, province, min_score, min_rank, avg_score, plan_num, status) VALUES (621, 104, 28, 2022, '四川', 677, 2389, 682, 43, 1);
INSERT INTO admission_score (id, university_id, major_id, year, province, min_score, min_rank, avg_score, plan_num, status) VALUES (622, 104, 39, 2023, '山东', 622, 7860, 627, 47, 1);
INSERT INTO admission_score (id, university_id, major_id, year, province, min_score, min_rank, avg_score, plan_num, status) VALUES (623, 104, 36, 2023, '河南', 556, 14414, 561, 32, 1);
INSERT INTO admission_score (id, university_id, major_id, year, province, min_score, min_rank, avg_score, plan_num, status) VALUES (624, 104, 41, 2023, '江苏', 568, 13273, 573, 49, 1);
INSERT INTO admission_score (id, university_id, major_id, year, province, min_score, min_rank, avg_score, plan_num, status) VALUES (625, 105, 45, 2022, '四川', 670, 3019, 675, 20, 1);
INSERT INTO admission_score (id, university_id, major_id, year, province, min_score, min_rank, avg_score, plan_num, status) VALUES (626, 105, 61, 2022, '北京', 558, 14290, 563, 15, 1);
INSERT INTO admission_score (id, university_id, major_id, year, province, min_score, min_rank, avg_score, plan_num, status) VALUES (627, 105, 30, 2022, '浙江', 665, 3589, 670, 35, 1);
INSERT INTO admission_score (id, university_id, major_id, year, province, min_score, min_rank, avg_score, plan_num, status) VALUES (628, 105, 104, 2023, '广东', 557, 14329, 562, 40, 1);
INSERT INTO admission_score (id, university_id, major_id, year, province, min_score, min_rank, avg_score, plan_num, status) VALUES (629, 105, 15, 2023, '河南', 656, 4405, 661, 39, 1);
INSERT INTO admission_score (id, university_id, major_id, year, province, min_score, min_rank, avg_score, plan_num, status) VALUES (630, 105, 25, 2023, '浙江', 655, 4589, 660, 16, 1);
INSERT INTO admission_score (id, university_id, major_id, year, province, min_score, min_rank, avg_score, plan_num, status) VALUES (631, 106, 27, 2022, '四川', 644, 5677, 649, 36, 1);
INSERT INTO admission_score (id, university_id, major_id, year, province, min_score, min_rank, avg_score, plan_num, status) VALUES (632, 106, 61, 2022, '河南', 633, 6799, 638, 22, 1);
INSERT INTO admission_score (id, university_id, major_id, year, province, min_score, min_rank, avg_score, plan_num, status) VALUES (633, 106, 12, 2022, '广东', 633, 6745, 638, 28, 1);
INSERT INTO admission_score (id, university_id, major_id, year, province, min_score, min_rank, avg_score, plan_num, status) VALUES (634, 106, 23, 2023, '北京', 604, 9602, 609, 38, 1);
INSERT INTO admission_score (id, university_id, major_id, year, province, min_score, min_rank, avg_score, plan_num, status) VALUES (635, 106, 1, 2023, '江苏', 586, 11457, 591, 33, 1);
INSERT INTO admission_score (id, university_id, major_id, year, province, min_score, min_rank, avg_score, plan_num, status) VALUES (636, 106, 102, 2023, '浙江', 562, 13828, 567, 10, 1);
INSERT INTO admission_score (id, university_id, major_id, year, province, min_score, min_rank, avg_score, plan_num, status) VALUES (637, 107, 92, 2022, '江苏', 645, 5550, 650, 19, 1);
INSERT INTO admission_score (id, university_id, major_id, year, province, min_score, min_rank, avg_score, plan_num, status) VALUES (638, 107, 109, 2022, '浙江', 574, 12673, 579, 27, 1);
INSERT INTO admission_score (id, university_id, major_id, year, province, min_score, min_rank, avg_score, plan_num, status) VALUES (639, 107, 77, 2022, '广东', 614, 8616, 619, 25, 1);
INSERT INTO admission_score (id, university_id, major_id, year, province, min_score, min_rank, avg_score, plan_num, status) VALUES (640, 107, 47, 2023, '北京', 578, 12298, 583, 14, 1);
INSERT INTO admission_score (id, university_id, major_id, year, province, min_score, min_rank, avg_score, plan_num, status) VALUES (641, 107, 52, 2023, '湖北', 591, 10953, 596, 41, 1);
INSERT INTO admission_score (id, university_id, major_id, year, province, min_score, min_rank, avg_score, plan_num, status) VALUES (642, 107, 39, 2023, '浙江', 561, 13947, 566, 24, 1);
INSERT INTO admission_score (id, university_id, major_id, year, province, min_score, min_rank, avg_score, plan_num, status) VALUES (643, 108, 43, 2022, '浙江', 583, 11800, 588, 31, 1);
INSERT INTO admission_score (id, university_id, major_id, year, province, min_score, min_rank, avg_score, plan_num, status) VALUES (644, 108, 4, 2022, '四川', 563, 13759, 568, 12, 1);
INSERT INTO admission_score (id, university_id, major_id, year, province, min_score, min_rank, avg_score, plan_num, status) VALUES (645, 108, 20, 2022, '河南', 604, 9645, 609, 48, 1);
INSERT INTO admission_score (id, university_id, major_id, year, province, min_score, min_rank, avg_score, plan_num, status) VALUES (646, 108, 88, 2023, '河南', 612, 8865, 617, 39, 1);
INSERT INTO admission_score (id, university_id, major_id, year, province, min_score, min_rank, avg_score, plan_num, status) VALUES (647, 108, 19, 2023, '广东', 569, 13115, 574, 16, 1);
INSERT INTO admission_score (id, university_id, major_id, year, province, min_score, min_rank, avg_score, plan_num, status) VALUES (648, 108, 77, 2023, '江苏', 659, 4196, 664, 13, 1);
INSERT INTO admission_score (id, university_id, major_id, year, province, min_score, min_rank, avg_score, plan_num, status) VALUES (649, 109, 80, 2022, '江苏', 680, 2019, 685, 32, 1);
INSERT INTO admission_score (id, university_id, major_id, year, province, min_score, min_rank, avg_score, plan_num, status) VALUES (650, 109, 38, 2022, '河南', 552, 14843, 557, 26, 1);
INSERT INTO admission_score (id, university_id, major_id, year, province, min_score, min_rank, avg_score, plan_num, status) VALUES (651, 109, 81, 2022, '浙江', 628, 7221, 633, 31, 1);
INSERT INTO admission_score (id, university_id, major_id, year, province, min_score, min_rank, avg_score, plan_num, status) VALUES (652, 109, 44, 2023, '浙江', 595, 10563, 600, 28, 1);
INSERT INTO admission_score (id, university_id, major_id, year, province, min_score, min_rank, avg_score, plan_num, status) VALUES (653, 109, 93, 2023, '四川', 611, 8904, 616, 17, 1);
INSERT INTO admission_score (id, university_id, major_id, year, province, min_score, min_rank, avg_score, plan_num, status) VALUES (654, 109, 67, 2023, '山东', 576, 12472, 581, 22, 1);
INSERT INTO admission_score (id, university_id, major_id, year, province, min_score, min_rank, avg_score, plan_num, status) VALUES (655, 110, 11, 2022, '山东', 561, 13941, 566, 37, 1);
INSERT INTO admission_score (id, university_id, major_id, year, province, min_score, min_rank, avg_score, plan_num, status) VALUES (656, 110, 78, 2022, '浙江', 665, 3510, 670, 27, 1);
INSERT INTO admission_score (id, university_id, major_id, year, province, min_score, min_rank, avg_score, plan_num, status) VALUES (657, 110, 28, 2022, '广东', 560, 14088, 565, 26, 1);
INSERT INTO admission_score (id, university_id, major_id, year, province, min_score, min_rank, avg_score, plan_num, status) VALUES (658, 110, 65, 2023, '山东', 578, 12299, 583, 26, 1);
INSERT INTO admission_score (id, university_id, major_id, year, province, min_score, min_rank, avg_score, plan_num, status) VALUES (659, 110, 22, 2023, '江苏', 624, 7670, 629, 22, 1);
INSERT INTO admission_score (id, university_id, major_id, year, province, min_score, min_rank, avg_score, plan_num, status) VALUES (660, 110, 32, 2023, '北京', 567, 13399, 572, 44, 1);
INSERT INTO admission_score (id, university_id, major_id, year, province, min_score, min_rank, avg_score, plan_num, status) VALUES (661, 111, 25, 2022, '湖北', 674, 2622, 679, 41, 1);
INSERT INTO admission_score (id, university_id, major_id, year, province, min_score, min_rank, avg_score, plan_num, status) VALUES (662, 111, 101, 2022, '山东', 579, 12128, 584, 50, 1);
INSERT INTO admission_score (id, university_id, major_id, year, province, min_score, min_rank, avg_score, plan_num, status) VALUES (663, 111, 17, 2022, '四川', 640, 6061, 645, 16, 1);
INSERT INTO admission_score (id, university_id, major_id, year, province, min_score, min_rank, avg_score, plan_num, status) VALUES (664, 111, 10, 2023, '北京', 644, 5696, 649, 12, 1);
INSERT INTO admission_score (id, university_id, major_id, year, province, min_score, min_rank, avg_score, plan_num, status) VALUES (665, 111, 66, 2023, '广东', 627, 7364, 632, 39, 1);
INSERT INTO admission_score (id, university_id, major_id, year, province, min_score, min_rank, avg_score, plan_num, status) VALUES (666, 111, 16, 2023, '山东', 646, 5474, 651, 40, 1);
INSERT INTO admission_score (id, university_id, major_id, year, province, min_score, min_rank, avg_score, plan_num, status) VALUES (667, 112, 71, 2022, '山东', 600, 10097, 605, 29, 1);
INSERT INTO admission_score (id, university_id, major_id, year, province, min_score, min_rank, avg_score, plan_num, status) VALUES (668, 112, 60, 2022, '江苏', 667, 3390, 672, 42, 1);
INSERT INTO admission_score (id, university_id, major_id, year, province, min_score, min_rank, avg_score, plan_num, status) VALUES (669, 112, 63, 2022, '河南', 580, 12037, 585, 29, 1);
INSERT INTO admission_score (id, university_id, major_id, year, province, min_score, min_rank, avg_score, plan_num, status) VALUES (670, 112, 2, 2023, '江苏', 587, 11394, 592, 47, 1);
INSERT INTO admission_score (id, university_id, major_id, year, province, min_score, min_rank, avg_score, plan_num, status) VALUES (671, 112, 27, 2023, '广东', 589, 11103, 594, 46, 1);
INSERT INTO admission_score (id, university_id, major_id, year, province, min_score, min_rank, avg_score, plan_num, status) VALUES (672, 112, 100, 2023, '浙江', 634, 6648, 639, 36, 1);
INSERT INTO admission_score (id, university_id, major_id, year, province, min_score, min_rank, avg_score, plan_num, status) VALUES (673, 113, 14, 2022, '北京', 633, 6701, 638, 21, 1);
INSERT INTO admission_score (id, university_id, major_id, year, province, min_score, min_rank, avg_score, plan_num, status) VALUES (674, 113, 23, 2022, '江苏', 603, 9740, 608, 24, 1);
INSERT INTO admission_score (id, university_id, major_id, year, province, min_score, min_rank, avg_score, plan_num, status) VALUES (675, 113, 40, 2022, '山东', 667, 3382, 672, 34, 1);
INSERT INTO admission_score (id, university_id, major_id, year, province, min_score, min_rank, avg_score, plan_num, status) VALUES (676, 113, 79, 2023, '江苏', 663, 3799, 668, 32, 1);
INSERT INTO admission_score (id, university_id, major_id, year, province, min_score, min_rank, avg_score, plan_num, status) VALUES (677, 113, 61, 2023, '四川', 652, 4830, 657, 38, 1);
INSERT INTO admission_score (id, university_id, major_id, year, province, min_score, min_rank, avg_score, plan_num, status) VALUES (678, 113, 77, 2023, '河南', 610, 9054, 615, 23, 1);
INSERT INTO admission_score (id, university_id, major_id, year, province, min_score, min_rank, avg_score, plan_num, status) VALUES (679, 114, 52, 2022, '江苏', 641, 5941, 646, 22, 1);
INSERT INTO admission_score (id, university_id, major_id, year, province, min_score, min_rank, avg_score, plan_num, status) VALUES (680, 114, 77, 2022, '四川', 614, 8648, 619, 24, 1);
INSERT INTO admission_score (id, university_id, major_id, year, province, min_score, min_rank, avg_score, plan_num, status) VALUES (681, 114, 33, 2022, '北京', 627, 7358, 632, 49, 1);
INSERT INTO admission_score (id, university_id, major_id, year, province, min_score, min_rank, avg_score, plan_num, status) VALUES (682, 114, 85, 2023, '河南', 616, 8447, 621, 28, 1);
INSERT INTO admission_score (id, university_id, major_id, year, province, min_score, min_rank, avg_score, plan_num, status) VALUES (683, 114, 73, 2023, '江苏', 625, 7502, 630, 35, 1);
INSERT INTO admission_score (id, university_id, major_id, year, province, min_score, min_rank, avg_score, plan_num, status) VALUES (684, 114, 78, 2023, '浙江', 583, 11769, 588, 19, 1);
INSERT INTO admission_score (id, university_id, major_id, year, province, min_score, min_rank, avg_score, plan_num, status) VALUES (685, 115, 34, 2022, '四川', 656, 4449, 661, 27, 1);
INSERT INTO admission_score (id, university_id, major_id, year, province, min_score, min_rank, avg_score, plan_num, status) VALUES (686, 115, 63, 2022, '广东', 589, 11137, 594, 16, 1);
INSERT INTO admission_score (id, university_id, major_id, year, province, min_score, min_rank, avg_score, plan_num, status) VALUES (687, 115, 26, 2022, '江苏', 579, 12196, 584, 25, 1);
INSERT INTO admission_score (id, university_id, major_id, year, province, min_score, min_rank, avg_score, plan_num, status) VALUES (688, 115, 86, 2023, '四川', 595, 10523, 600, 40, 1);
INSERT INTO admission_score (id, university_id, major_id, year, province, min_score, min_rank, avg_score, plan_num, status) VALUES (689, 115, 22, 2023, '浙江', 650, 5019, 655, 14, 1);
INSERT INTO admission_score (id, university_id, major_id, year, province, min_score, min_rank, avg_score, plan_num, status) VALUES (690, 115, 70, 2023, '北京', 618, 8257, 623, 28, 1);
INSERT INTO admission_score (id, university_id, major_id, year, province, min_score, min_rank, avg_score, plan_num, status) VALUES (691, 116, 22, 2022, '湖北', 591, 10989, 596, 30, 1);
INSERT INTO admission_score (id, university_id, major_id, year, province, min_score, min_rank, avg_score, plan_num, status) VALUES (692, 116, 74, 2022, '广东', 606, 9413, 611, 21, 1);
INSERT INTO admission_score (id, university_id, major_id, year, province, min_score, min_rank, avg_score, plan_num, status) VALUES (693, 116, 78, 2022, '北京', 558, 14297, 563, 14, 1);
INSERT INTO admission_score (id, university_id, major_id, year, province, min_score, min_rank, avg_score, plan_num, status) VALUES (694, 116, 53, 2023, '山东', 660, 4038, 665, 21, 1);
INSERT INTO admission_score (id, university_id, major_id, year, province, min_score, min_rank, avg_score, plan_num, status) VALUES (695, 116, 4, 2023, '湖北', 566, 13407, 571, 50, 1);
INSERT INTO admission_score (id, university_id, major_id, year, province, min_score, min_rank, avg_score, plan_num, status) VALUES (696, 116, 64, 2023, '江苏', 583, 11749, 588, 29, 1);
INSERT INTO admission_score (id, university_id, major_id, year, province, min_score, min_rank, avg_score, plan_num, status) VALUES (697, 117, 5, 2022, '湖北', 609, 9108, 614, 29, 1);
INSERT INTO admission_score (id, university_id, major_id, year, province, min_score, min_rank, avg_score, plan_num, status) VALUES (698, 117, 102, 2022, '浙江', 568, 13300, 573, 31, 1);
INSERT INTO admission_score (id, university_id, major_id, year, province, min_score, min_rank, avg_score, plan_num, status) VALUES (699, 117, 110, 2022, '北京', 635, 6533, 640, 15, 1);
INSERT INTO admission_score (id, university_id, major_id, year, province, min_score, min_rank, avg_score, plan_num, status) VALUES (700, 117, 49, 2023, '浙江', 603, 9716, 608, 18, 1);
INSERT INTO admission_score (id, university_id, major_id, year, province, min_score, min_rank, avg_score, plan_num, status) VALUES (701, 117, 78, 2023, '北京', 558, 14274, 563, 28, 1);
INSERT INTO admission_score (id, university_id, major_id, year, province, min_score, min_rank, avg_score, plan_num, status) VALUES (702, 117, 71, 2023, '湖北', 624, 7635, 629, 37, 1);
INSERT INTO admission_score (id, university_id, major_id, year, province, min_score, min_rank, avg_score, plan_num, status) VALUES (703, 118, 83, 2022, '广东', 588, 11247, 593, 36, 1);
INSERT INTO admission_score (id, university_id, major_id, year, province, min_score, min_rank, avg_score, plan_num, status) VALUES (704, 118, 16, 2022, '北京', 581, 11902, 586, 16, 1);
INSERT INTO admission_score (id, university_id, major_id, year, province, min_score, min_rank, avg_score, plan_num, status) VALUES (705, 118, 105, 2022, '浙江', 630, 7028, 635, 47, 1);
INSERT INTO admission_score (id, university_id, major_id, year, province, min_score, min_rank, avg_score, plan_num, status) VALUES (706, 118, 2, 2023, '广东', 591, 10990, 596, 45, 1);
INSERT INTO admission_score (id, university_id, major_id, year, province, min_score, min_rank, avg_score, plan_num, status) VALUES (707, 118, 30, 2023, '山东', 636, 6482, 641, 21, 1);
INSERT INTO admission_score (id, university_id, major_id, year, province, min_score, min_rank, avg_score, plan_num, status) VALUES (708, 118, 110, 2023, '湖北', 648, 5259, 653, 41, 1);
INSERT INTO admission_score (id, university_id, major_id, year, province, min_score, min_rank, avg_score, plan_num, status) VALUES (709, 119, 96, 2022, '江苏', 610, 9076, 615, 21, 1);
INSERT INTO admission_score (id, university_id, major_id, year, province, min_score, min_rank, avg_score, plan_num, status) VALUES (710, 119, 25, 2022, '北京', 609, 9154, 614, 31, 1);
INSERT INTO admission_score (id, university_id, major_id, year, province, min_score, min_rank, avg_score, plan_num, status) VALUES (711, 119, 61, 2022, '广东', 581, 11948, 586, 26, 1);
INSERT INTO admission_score (id, university_id, major_id, year, province, min_score, min_rank, avg_score, plan_num, status) VALUES (712, 119, 35, 2023, '湖北', 678, 2278, 683, 21, 1);
INSERT INTO admission_score (id, university_id, major_id, year, province, min_score, min_rank, avg_score, plan_num, status) VALUES (713, 119, 8, 2023, '四川', 559, 14103, 564, 44, 1);
INSERT INTO admission_score (id, university_id, major_id, year, province, min_score, min_rank, avg_score, plan_num, status) VALUES (714, 119, 19, 2023, '河南', 659, 4164, 664, 40, 1);
INSERT INTO admission_score (id, university_id, major_id, year, province, min_score, min_rank, avg_score, plan_num, status) VALUES (715, 120, 61, 2022, '北京', 593, 10777, 598, 39, 1);
INSERT INTO admission_score (id, university_id, major_id, year, province, min_score, min_rank, avg_score, plan_num, status) VALUES (716, 120, 76, 2022, '四川', 555, 14591, 560, 24, 1);
INSERT INTO admission_score (id, university_id, major_id, year, province, min_score, min_rank, avg_score, plan_num, status) VALUES (717, 120, 42, 2022, '山东', 651, 4990, 656, 29, 1);
INSERT INTO admission_score (id, university_id, major_id, year, province, min_score, min_rank, avg_score, plan_num, status) VALUES (718, 120, 22, 2023, '四川', 676, 2430, 681, 12, 1);
INSERT INTO admission_score (id, university_id, major_id, year, province, min_score, min_rank, avg_score, plan_num, status) VALUES (719, 120, 3, 2023, '广东', 616, 8461, 621, 25, 1);
INSERT INTO admission_score (id, university_id, major_id, year, province, min_score, min_rank, avg_score, plan_num, status) VALUES (720, 120, 38, 2023, '湖北', 653, 4741, 658, 41, 1);
INSERT INTO admission_score (id, university_id, major_id, year, province, min_score, min_rank, avg_score, plan_num, status) VALUES (721, 121, 29, 2022, '四川', 627, 7396, 632, 42, 1);
INSERT INTO admission_score (id, university_id, major_id, year, province, min_score, min_rank, avg_score, plan_num, status) VALUES (722, 121, 57, 2022, '广东', 559, 14127, 564, 10, 1);
INSERT INTO admission_score (id, university_id, major_id, year, province, min_score, min_rank, avg_score, plan_num, status) VALUES (723, 121, 44, 2022, '河南', 569, 13164, 574, 33, 1);
INSERT INTO admission_score (id, university_id, major_id, year, province, min_score, min_rank, avg_score, plan_num, status) VALUES (724, 121, 29, 2023, '北京', 671, 2956, 676, 18, 1);
INSERT INTO admission_score (id, university_id, major_id, year, province, min_score, min_rank, avg_score, plan_num, status) VALUES (725, 121, 8, 2023, '广东', 666, 3493, 671, 32, 1);
INSERT INTO admission_score (id, university_id, major_id, year, province, min_score, min_rank, avg_score, plan_num, status) VALUES (726, 121, 63, 2023, '四川', 651, 4974, 656, 29, 1);
INSERT INTO admission_score (id, university_id, major_id, year, province, min_score, min_rank, avg_score, plan_num, status) VALUES (727, 122, 74, 2022, '四川', 553, 14707, 558, 11, 1);
INSERT INTO admission_score (id, university_id, major_id, year, province, min_score, min_rank, avg_score, plan_num, status) VALUES (728, 122, 61, 2022, '江苏', 654, 4644, 659, 43, 1);
INSERT INTO admission_score (id, university_id, major_id, year, province, min_score, min_rank, avg_score, plan_num, status) VALUES (729, 122, 83, 2022, '河南', 571, 12989, 576, 22, 1);
INSERT INTO admission_score (id, university_id, major_id, year, province, min_score, min_rank, avg_score, plan_num, status) VALUES (730, 122, 97, 2023, '河南', 665, 3594, 670, 15, 1);
INSERT INTO admission_score (id, university_id, major_id, year, province, min_score, min_rank, avg_score, plan_num, status) VALUES (731, 122, 17, 2023, '北京', 642, 5854, 647, 36, 1);
INSERT INTO admission_score (id, university_id, major_id, year, province, min_score, min_rank, avg_score, plan_num, status) VALUES (732, 122, 78, 2023, '四川', 648, 5257, 653, 24, 1);
INSERT INTO admission_score (id, university_id, major_id, year, province, min_score, min_rank, avg_score, plan_num, status) VALUES (733, 123, 45, 2022, '山东', 654, 4605, 659, 16, 1);
INSERT INTO admission_score (id, university_id, major_id, year, province, min_score, min_rank, avg_score, plan_num, status) VALUES (734, 123, 92, 2022, '浙江', 631, 6997, 636, 20, 1);
INSERT INTO admission_score (id, university_id, major_id, year, province, min_score, min_rank, avg_score, plan_num, status) VALUES (735, 123, 43, 2022, '江苏', 609, 9121, 614, 11, 1);
INSERT INTO admission_score (id, university_id, major_id, year, province, min_score, min_rank, avg_score, plan_num, status) VALUES (736, 123, 12, 2023, '浙江', 567, 13324, 572, 48, 1);
INSERT INTO admission_score (id, university_id, major_id, year, province, min_score, min_rank, avg_score, plan_num, status) VALUES (737, 123, 61, 2023, '江苏', 649, 5163, 654, 43, 1);
INSERT INTO admission_score (id, university_id, major_id, year, province, min_score, min_rank, avg_score, plan_num, status) VALUES (738, 123, 15, 2023, '河南', 662, 3806, 667, 15, 1);
INSERT INTO admission_score (id, university_id, major_id, year, province, min_score, min_rank, avg_score, plan_num, status) VALUES (739, 124, 106, 2022, '四川', 667, 3381, 672, 47, 1);
INSERT INTO admission_score (id, university_id, major_id, year, province, min_score, min_rank, avg_score, plan_num, status) VALUES (740, 124, 96, 2022, '江苏', 611, 8980, 616, 35, 1);
INSERT INTO admission_score (id, university_id, major_id, year, province, min_score, min_rank, avg_score, plan_num, status) VALUES (741, 124, 36, 2022, '北京', 626, 7480, 631, 41, 1);
INSERT INTO admission_score (id, university_id, major_id, year, province, min_score, min_rank, avg_score, plan_num, status) VALUES (742, 124, 29, 2023, '四川', 626, 7478, 631, 25, 1);
INSERT INTO admission_score (id, university_id, major_id, year, province, min_score, min_rank, avg_score, plan_num, status) VALUES (743, 124, 93, 2023, '广东', 653, 4714, 658, 38, 1);
INSERT INTO admission_score (id, university_id, major_id, year, province, min_score, min_rank, avg_score, plan_num, status) VALUES (744, 124, 100, 2023, '江苏', 593, 10746, 598, 36, 1);
INSERT INTO admission_score (id, university_id, major_id, year, province, min_score, min_rank, avg_score, plan_num, status) VALUES (745, 125, 36, 2022, '四川', 625, 7546, 630, 44, 1);
INSERT INTO admission_score (id, university_id, major_id, year, province, min_score, min_rank, avg_score, plan_num, status) VALUES (746, 125, 58, 2022, '山东', 551, 14973, 556, 10, 1);
INSERT INTO admission_score (id, university_id, major_id, year, province, min_score, min_rank, avg_score, plan_num, status) VALUES (747, 125, 98, 2022, '河南', 563, 13756, 568, 49, 1);
INSERT INTO admission_score (id, university_id, major_id, year, province, min_score, min_rank, avg_score, plan_num, status) VALUES (748, 125, 66, 2023, '河南', 584, 11621, 589, 36, 1);
INSERT INTO admission_score (id, university_id, major_id, year, province, min_score, min_rank, avg_score, plan_num, status) VALUES (749, 125, 33, 2023, '江苏', 594, 10624, 599, 48, 1);
INSERT INTO admission_score (id, university_id, major_id, year, province, min_score, min_rank, avg_score, plan_num, status) VALUES (750, 125, 76, 2023, '湖北', 643, 5739, 648, 28, 1);
INSERT INTO admission_score (id, university_id, major_id, year, province, min_score, min_rank, avg_score, plan_num, status) VALUES (751, 126, 105, 2022, '四川', 645, 5575, 650, 49, 1);
INSERT INTO admission_score (id, university_id, major_id, year, province, min_score, min_rank, avg_score, plan_num, status) VALUES (752, 126, 92, 2022, '江苏', 567, 13393, 572, 40, 1);
INSERT INTO admission_score (id, university_id, major_id, year, province, min_score, min_rank, avg_score, plan_num, status) VALUES (753, 126, 90, 2022, '湖北', 646, 5437, 651, 19, 1);
INSERT INTO admission_score (id, university_id, major_id, year, province, min_score, min_rank, avg_score, plan_num, status) VALUES (754, 126, 88, 2023, '四川', 614, 8681, 619, 20, 1);
INSERT INTO admission_score (id, university_id, major_id, year, province, min_score, min_rank, avg_score, plan_num, status) VALUES (755, 126, 60, 2023, '广东', 596, 10490, 601, 45, 1);
INSERT INTO admission_score (id, university_id, major_id, year, province, min_score, min_rank, avg_score, plan_num, status) VALUES (756, 126, 95, 2023, '河南', 563, 13799, 568, 46, 1);
INSERT INTO admission_score (id, university_id, major_id, year, province, min_score, min_rank, avg_score, plan_num, status) VALUES (757, 127, 15, 2022, '湖北', 584, 11664, 589, 42, 1);
INSERT INTO admission_score (id, university_id, major_id, year, province, min_score, min_rank, avg_score, plan_num, status) VALUES (758, 127, 49, 2022, '北京', 551, 14931, 556, 27, 1);
INSERT INTO admission_score (id, university_id, major_id, year, province, min_score, min_rank, avg_score, plan_num, status) VALUES (759, 127, 104, 2022, '广东', 596, 10464, 601, 48, 1);
INSERT INTO admission_score (id, university_id, major_id, year, province, min_score, min_rank, avg_score, plan_num, status) VALUES (760, 127, 28, 2023, '北京', 680, 2019, 685, 12, 1);
INSERT INTO admission_score (id, university_id, major_id, year, province, min_score, min_rank, avg_score, plan_num, status) VALUES (761, 127, 89, 2023, '江苏', 581, 11922, 586, 38, 1);
INSERT INTO admission_score (id, university_id, major_id, year, province, min_score, min_rank, avg_score, plan_num, status) VALUES (762, 127, 85, 2023, '四川', 587, 11354, 592, 27, 1);
INSERT INTO admission_score (id, university_id, major_id, year, province, min_score, min_rank, avg_score, plan_num, status) VALUES (763, 128, 21, 2022, '广东', 629, 7190, 634, 30, 1);
INSERT INTO admission_score (id, university_id, major_id, year, province, min_score, min_rank, avg_score, plan_num, status) VALUES (764, 128, 61, 2022, '四川', 667, 3316, 672, 15, 1);
INSERT INTO admission_score (id, university_id, major_id, year, province, min_score, min_rank, avg_score, plan_num, status) VALUES (765, 128, 110, 2022, '江苏', 641, 5983, 646, 17, 1);
INSERT INTO admission_score (id, university_id, major_id, year, province, min_score, min_rank, avg_score, plan_num, status) VALUES (766, 128, 87, 2023, '四川', 634, 6686, 639, 26, 1);
INSERT INTO admission_score (id, university_id, major_id, year, province, min_score, min_rank, avg_score, plan_num, status) VALUES (767, 128, 8, 2023, '北京', 599, 10147, 604, 20, 1);
INSERT INTO admission_score (id, university_id, major_id, year, province, min_score, min_rank, avg_score, plan_num, status) VALUES (768, 128, 75, 2023, '山东', 600, 10042, 605, 18, 1);
INSERT INTO admission_score (id, university_id, major_id, year, province, min_score, min_rank, avg_score, plan_num, status) VALUES (769, 129, 86, 2022, '湖北', 561, 13928, 566, 12, 1);
INSERT INTO admission_score (id, university_id, major_id, year, province, min_score, min_rank, avg_score, plan_num, status) VALUES (770, 129, 105, 2022, '山东', 661, 3974, 666, 31, 1);
INSERT INTO admission_score (id, university_id, major_id, year, province, min_score, min_rank, avg_score, plan_num, status) VALUES (771, 129, 34, 2022, '浙江', 580, 12100, 585, 41, 1);
INSERT INTO admission_score (id, university_id, major_id, year, province, min_score, min_rank, avg_score, plan_num, status) VALUES (772, 129, 103, 2023, '广东', 565, 13524, 570, 31, 1);
INSERT INTO admission_score (id, university_id, major_id, year, province, min_score, min_rank, avg_score, plan_num, status) VALUES (773, 129, 5, 2023, '湖北', 569, 13137, 574, 16, 1);
INSERT INTO admission_score (id, university_id, major_id, year, province, min_score, min_rank, avg_score, plan_num, status) VALUES (774, 129, 75, 2023, '江苏', 622, 7825, 627, 49, 1);
INSERT INTO admission_score (id, university_id, major_id, year, province, min_score, min_rank, avg_score, plan_num, status) VALUES (775, 130, 48, 2022, '湖北', 583, 11725, 588, 28, 1);
INSERT INTO admission_score (id, university_id, major_id, year, province, min_score, min_rank, avg_score, plan_num, status) VALUES (776, 130, 25, 2022, '北京', 648, 5231, 653, 29, 1);
INSERT INTO admission_score (id, university_id, major_id, year, province, min_score, min_rank, avg_score, plan_num, status) VALUES (777, 130, 69, 2022, '山东', 656, 4493, 661, 28, 1);
INSERT INTO admission_score (id, university_id, major_id, year, province, min_score, min_rank, avg_score, plan_num, status) VALUES (778, 130, 13, 2023, '江苏', 597, 10382, 602, 11, 1);
INSERT INTO admission_score (id, university_id, major_id, year, province, min_score, min_rank, avg_score, plan_num, status) VALUES (779, 130, 41, 2023, '广东', 638, 6207, 643, 47, 1);
INSERT INTO admission_score (id, university_id, major_id, year, province, min_score, min_rank, avg_score, plan_num, status) VALUES (780, 130, 94, 2023, '河南', 601, 9923, 606, 15, 1);
INSERT INTO admission_score (id, university_id, major_id, year, province, min_score, min_rank, avg_score, plan_num, status) VALUES (781, 131, 80, 2022, '四川', 672, 2833, 677, 10, 1);
INSERT INTO admission_score (id, university_id, major_id, year, province, min_score, min_rank, avg_score, plan_num, status) VALUES (782, 131, 70, 2022, '广东', 564, 13669, 569, 28, 1);
INSERT INTO admission_score (id, university_id, major_id, year, province, min_score, min_rank, avg_score, plan_num, status) VALUES (783, 131, 98, 2022, '河南', 624, 7655, 629, 12, 1);
INSERT INTO admission_score (id, university_id, major_id, year, province, min_score, min_rank, avg_score, plan_num, status) VALUES (784, 131, 79, 2023, '浙江', 677, 2362, 682, 27, 1);
INSERT INTO admission_score (id, university_id, major_id, year, province, min_score, min_rank, avg_score, plan_num, status) VALUES (785, 131, 52, 2023, '山东', 639, 6116, 644, 19, 1);
INSERT INTO admission_score (id, university_id, major_id, year, province, min_score, min_rank, avg_score, plan_num, status) VALUES (786, 131, 28, 2023, '四川', 609, 9188, 614, 12, 1);
INSERT INTO admission_score (id, university_id, major_id, year, province, min_score, min_rank, avg_score, plan_num, status) VALUES (787, 132, 103, 2022, '北京', 568, 13215, 573, 10, 1);
INSERT INTO admission_score (id, university_id, major_id, year, province, min_score, min_rank, avg_score, plan_num, status) VALUES (788, 132, 67, 2022, '四川', 636, 6447, 641, 39, 1);
INSERT INTO admission_score (id, university_id, major_id, year, province, min_score, min_rank, avg_score, plan_num, status) VALUES (789, 132, 107, 2022, '广东', 562, 13889, 567, 41, 1);
INSERT INTO admission_score (id, university_id, major_id, year, province, min_score, min_rank, avg_score, plan_num, status) VALUES (790, 132, 82, 2023, '北京', 625, 7513, 630, 23, 1);
INSERT INTO admission_score (id, university_id, major_id, year, province, min_score, min_rank, avg_score, plan_num, status) VALUES (791, 132, 86, 2023, '湖北', 660, 4090, 665, 44, 1);
INSERT INTO admission_score (id, university_id, major_id, year, province, min_score, min_rank, avg_score, plan_num, status) VALUES (792, 132, 71, 2023, '四川', 551, 14986, 556, 30, 1);
INSERT INTO admission_score (id, university_id, major_id, year, province, min_score, min_rank, avg_score, plan_num, status) VALUES (793, 133, 1, 2022, '江苏', 654, 4621, 659, 44, 1);
INSERT INTO admission_score (id, university_id, major_id, year, province, min_score, min_rank, avg_score, plan_num, status) VALUES (794, 133, 23, 2022, '浙江', 673, 2787, 678, 37, 1);
INSERT INTO admission_score (id, university_id, major_id, year, province, min_score, min_rank, avg_score, plan_num, status) VALUES (795, 133, 7, 2022, '广东', 568, 13234, 573, 30, 1);
INSERT INTO admission_score (id, university_id, major_id, year, province, min_score, min_rank, avg_score, plan_num, status) VALUES (796, 133, 55, 2023, '北京', 554, 14615, 559, 39, 1);
INSERT INTO admission_score (id, university_id, major_id, year, province, min_score, min_rank, avg_score, plan_num, status) VALUES (797, 133, 74, 2023, '四川', 609, 9143, 614, 16, 1);
INSERT INTO admission_score (id, university_id, major_id, year, province, min_score, min_rank, avg_score, plan_num, status) VALUES (798, 133, 74, 2023, '江苏', 560, 14027, 565, 20, 1);
INSERT INTO admission_score (id, university_id, major_id, year, province, min_score, min_rank, avg_score, plan_num, status) VALUES (799, 134, 69, 2022, '河南', 661, 3916, 666, 43, 1);
INSERT INTO admission_score (id, university_id, major_id, year, province, min_score, min_rank, avg_score, plan_num, status) VALUES (800, 134, 100, 2022, '广东', 553, 14792, 558, 45, 1);
INSERT INTO admission_score (id, university_id, major_id, year, province, min_score, min_rank, avg_score, plan_num, status) VALUES (801, 134, 97, 2022, '湖北', 591, 10918, 596, 40, 1);
INSERT INTO admission_score (id, university_id, major_id, year, province, min_score, min_rank, avg_score, plan_num, status) VALUES (802, 134, 85, 2023, '四川', 641, 5914, 646, 13, 1);
INSERT INTO admission_score (id, university_id, major_id, year, province, min_score, min_rank, avg_score, plan_num, status) VALUES (803, 134, 20, 2023, '江苏', 581, 11942, 586, 12, 1);
INSERT INTO admission_score (id, university_id, major_id, year, province, min_score, min_rank, avg_score, plan_num, status) VALUES (804, 134, 60, 2023, '浙江', 665, 3589, 670, 30, 1);
INSERT INTO admission_score (id, university_id, major_id, year, province, min_score, min_rank, avg_score, plan_num, status) VALUES (805, 135, 32, 2022, '四川', 650, 5018, 655, 50, 1);
INSERT INTO admission_score (id, university_id, major_id, year, province, min_score, min_rank, avg_score, plan_num, status) VALUES (806, 135, 22, 2022, '山东', 581, 11988, 586, 34, 1);
INSERT INTO admission_score (id, university_id, major_id, year, province, min_score, min_rank, avg_score, plan_num, status) VALUES (807, 135, 58, 2022, '浙江', 656, 4479, 661, 49, 1);
INSERT INTO admission_score (id, university_id, major_id, year, province, min_score, min_rank, avg_score, plan_num, status) VALUES (808, 135, 81, 2023, '广东', 672, 2812, 677, 43, 1);
INSERT INTO admission_score (id, university_id, major_id, year, province, min_score, min_rank, avg_score, plan_num, status) VALUES (809, 135, 77, 2023, '北京', 580, 12079, 585, 41, 1);
INSERT INTO admission_score (id, university_id, major_id, year, province, min_score, min_rank, avg_score, plan_num, status) VALUES (810, 135, 77, 2023, '四川', 629, 7127, 634, 18, 1);
INSERT INTO admission_score (id, university_id, major_id, year, province, min_score, min_rank, avg_score, plan_num, status) VALUES (811, 136, 41, 2022, '湖北', 631, 6987, 636, 34, 1);
INSERT INTO admission_score (id, university_id, major_id, year, province, min_score, min_rank, avg_score, plan_num, status) VALUES (812, 136, 3, 2022, '四川', 616, 8480, 621, 41, 1);
INSERT INTO admission_score (id, university_id, major_id, year, province, min_score, min_rank, avg_score, plan_num, status) VALUES (813, 136, 3, 2022, '北京', 677, 2378, 682, 42, 1);
INSERT INTO admission_score (id, university_id, major_id, year, province, min_score, min_rank, avg_score, plan_num, status) VALUES (814, 136, 47, 2023, '湖北', 579, 12172, 584, 13, 1);
INSERT INTO admission_score (id, university_id, major_id, year, province, min_score, min_rank, avg_score, plan_num, status) VALUES (815, 136, 52, 2023, '河南', 603, 9738, 608, 27, 1);
INSERT INTO admission_score (id, university_id, major_id, year, province, min_score, min_rank, avg_score, plan_num, status) VALUES (816, 136, 63, 2023, '浙江', 631, 6974, 636, 15, 1);
INSERT INTO admission_score (id, university_id, major_id, year, province, min_score, min_rank, avg_score, plan_num, status) VALUES (817, 137, 51, 2022, '广东', 583, 11758, 588, 46, 1);
INSERT INTO admission_score (id, university_id, major_id, year, province, min_score, min_rank, avg_score, plan_num, status) VALUES (818, 137, 89, 2022, '山东', 592, 10889, 597, 25, 1);
INSERT INTO admission_score (id, university_id, major_id, year, province, min_score, min_rank, avg_score, plan_num, status) VALUES (819, 137, 73, 2022, '河南', 557, 14306, 562, 14, 1);
INSERT INTO admission_score (id, university_id, major_id, year, province, min_score, min_rank, avg_score, plan_num, status) VALUES (820, 137, 37, 2023, '四川', 587, 11336, 592, 22, 1);
INSERT INTO admission_score (id, university_id, major_id, year, province, min_score, min_rank, avg_score, plan_num, status) VALUES (821, 137, 71, 2023, '浙江', 607, 9359, 612, 14, 1);
INSERT INTO admission_score (id, university_id, major_id, year, province, min_score, min_rank, avg_score, plan_num, status) VALUES (822, 137, 43, 2023, '江苏', 634, 6612, 639, 26, 1);
INSERT INTO admission_score (id, university_id, major_id, year, province, min_score, min_rank, avg_score, plan_num, status) VALUES (823, 138, 17, 2022, '四川', 648, 5229, 653, 27, 1);
INSERT INTO admission_score (id, university_id, major_id, year, province, min_score, min_rank, avg_score, plan_num, status) VALUES (824, 138, 68, 2022, '湖北', 598, 10210, 603, 32, 1);
INSERT INTO admission_score (id, university_id, major_id, year, province, min_score, min_rank, avg_score, plan_num, status) VALUES (825, 138, 24, 2022, '广东', 594, 10635, 599, 23, 1);
INSERT INTO admission_score (id, university_id, major_id, year, province, min_score, min_rank, avg_score, plan_num, status) VALUES (826, 138, 37, 2023, '湖北', 661, 3942, 666, 19, 1);
INSERT INTO admission_score (id, university_id, major_id, year, province, min_score, min_rank, avg_score, plan_num, status) VALUES (827, 138, 55, 2023, '广东', 676, 2461, 681, 17, 1);
INSERT INTO admission_score (id, university_id, major_id, year, province, min_score, min_rank, avg_score, plan_num, status) VALUES (828, 138, 66, 2023, '四川', 615, 8532, 620, 36, 1);
INSERT INTO admission_score (id, university_id, major_id, year, province, min_score, min_rank, avg_score, plan_num, status) VALUES (829, 139, 2, 2022, '北京', 669, 3188, 674, 37, 1);
INSERT INTO admission_score (id, university_id, major_id, year, province, min_score, min_rank, avg_score, plan_num, status) VALUES (830, 139, 14, 2022, '四川', 630, 7037, 635, 50, 1);
INSERT INTO admission_score (id, university_id, major_id, year, province, min_score, min_rank, avg_score, plan_num, status) VALUES (831, 139, 18, 2022, '广东', 677, 2365, 682, 46, 1);
INSERT INTO admission_score (id, university_id, major_id, year, province, min_score, min_rank, avg_score, plan_num, status) VALUES (832, 139, 94, 2023, '河南', 638, 6209, 643, 20, 1);
INSERT INTO admission_score (id, university_id, major_id, year, province, min_score, min_rank, avg_score, plan_num, status) VALUES (833, 139, 58, 2023, '山东', 642, 5813, 647, 12, 1);
INSERT INTO admission_score (id, university_id, major_id, year, province, min_score, min_rank, avg_score, plan_num, status) VALUES (834, 139, 55, 2023, '广东', 621, 7994, 626, 10, 1);
INSERT INTO admission_score (id, university_id, major_id, year, province, min_score, min_rank, avg_score, plan_num, status) VALUES (835, 140, 91, 2022, '山东', 591, 10935, 596, 10, 1);
INSERT INTO admission_score (id, university_id, major_id, year, province, min_score, min_rank, avg_score, plan_num, status) VALUES (836, 140, 41, 2022, '广东', 608, 9254, 613, 37, 1);
INSERT INTO admission_score (id, university_id, major_id, year, province, min_score, min_rank, avg_score, plan_num, status) VALUES (837, 140, 47, 2022, '河南', 596, 10441, 601, 44, 1);
INSERT INTO admission_score (id, university_id, major_id, year, province, min_score, min_rank, avg_score, plan_num, status) VALUES (838, 140, 37, 2023, '四川', 559, 14106, 564, 17, 1);
INSERT INTO admission_score (id, university_id, major_id, year, province, min_score, min_rank, avg_score, plan_num, status) VALUES (839, 140, 22, 2023, '江苏', 672, 2825, 677, 11, 1);
INSERT INTO admission_score (id, university_id, major_id, year, province, min_score, min_rank, avg_score, plan_num, status) VALUES (840, 140, 44, 2023, '浙江', 550, 15050, 555, 49, 1);
INSERT INTO admission_score (id, university_id, major_id, year, province, min_score, min_rank, avg_score, plan_num, status) VALUES (841, 141, 24, 2022, '北京', 604, 9674, 609, 23, 1);
INSERT INTO admission_score (id, university_id, major_id, year, province, min_score, min_rank, avg_score, plan_num, status) VALUES (842, 141, 84, 2022, '湖北', 621, 7905, 626, 27, 1);
INSERT INTO admission_score (id, university_id, major_id, year, province, min_score, min_rank, avg_score, plan_num, status) VALUES (843, 141, 38, 2022, '江苏', 567, 13354, 572, 28, 1);
INSERT INTO admission_score (id, university_id, major_id, year, province, min_score, min_rank, avg_score, plan_num, status) VALUES (844, 141, 4, 2023, '山东', 610, 9029, 615, 17, 1);
INSERT INTO admission_score (id, university_id, major_id, year, province, min_score, min_rank, avg_score, plan_num, status) VALUES (845, 141, 71, 2023, '广东', 633, 6720, 638, 44, 1);
INSERT INTO admission_score (id, university_id, major_id, year, province, min_score, min_rank, avg_score, plan_num, status) VALUES (846, 141, 67, 2023, '湖北', 629, 7130, 634, 38, 1);
INSERT INTO admission_score (id, university_id, major_id, year, province, min_score, min_rank, avg_score, plan_num, status) VALUES (847, 142, 79, 2022, '河南', 660, 4087, 665, 18, 1);
INSERT INTO admission_score (id, university_id, major_id, year, province, min_score, min_rank, avg_score, plan_num, status) VALUES (848, 142, 30, 2022, '北京', 632, 6860, 637, 33, 1);
INSERT INTO admission_score (id, university_id, major_id, year, province, min_score, min_rank, avg_score, plan_num, status) VALUES (849, 142, 63, 2022, '四川', 570, 13037, 575, 44, 1);
INSERT INTO admission_score (id, university_id, major_id, year, province, min_score, min_rank, avg_score, plan_num, status) VALUES (850, 142, 51, 2023, '浙江', 675, 2556, 680, 44, 1);
INSERT INTO admission_score (id, university_id, major_id, year, province, min_score, min_rank, avg_score, plan_num, status) VALUES (851, 142, 108, 2023, '湖北', 576, 12471, 581, 29, 1);
INSERT INTO admission_score (id, university_id, major_id, year, province, min_score, min_rank, avg_score, plan_num, status) VALUES (852, 142, 74, 2023, '山东', 660, 4059, 665, 19, 1);
INSERT INTO admission_score (id, university_id, major_id, year, province, min_score, min_rank, avg_score, plan_num, status) VALUES (853, 143, 75, 2022, '湖北', 571, 12993, 576, 24, 1);
INSERT INTO admission_score (id, university_id, major_id, year, province, min_score, min_rank, avg_score, plan_num, status) VALUES (854, 143, 43, 2022, '山东', 600, 10020, 605, 30, 1);
INSERT INTO admission_score (id, university_id, major_id, year, province, min_score, min_rank, avg_score, plan_num, status) VALUES (855, 143, 11, 2022, '北京', 657, 4388, 662, 19, 1);
INSERT INTO admission_score (id, university_id, major_id, year, province, min_score, min_rank, avg_score, plan_num, status) VALUES (856, 143, 53, 2023, '广东', 611, 8980, 616, 47, 1);
INSERT INTO admission_score (id, university_id, major_id, year, province, min_score, min_rank, avg_score, plan_num, status) VALUES (857, 143, 54, 2023, '江苏', 654, 4639, 659, 31, 1);
INSERT INTO admission_score (id, university_id, major_id, year, province, min_score, min_rank, avg_score, plan_num, status) VALUES (858, 143, 69, 2023, '浙江', 626, 7406, 631, 27, 1);
INSERT INTO admission_score (id, university_id, major_id, year, province, min_score, min_rank, avg_score, plan_num, status) VALUES (859, 144, 93, 2022, '江苏', 667, 3337, 672, 31, 1);
INSERT INTO admission_score (id, university_id, major_id, year, province, min_score, min_rank, avg_score, plan_num, status) VALUES (860, 144, 50, 2022, '山东', 650, 5010, 655, 22, 1);
INSERT INTO admission_score (id, university_id, major_id, year, province, min_score, min_rank, avg_score, plan_num, status) VALUES (861, 144, 36, 2022, '广东', 611, 8909, 616, 27, 1);
INSERT INTO admission_score (id, university_id, major_id, year, province, min_score, min_rank, avg_score, plan_num, status) VALUES (862, 144, 47, 2023, '河南', 572, 12821, 577, 40, 1);
INSERT INTO admission_score (id, university_id, major_id, year, province, min_score, min_rank, avg_score, plan_num, status) VALUES (863, 144, 11, 2023, '北京', 638, 6239, 643, 21, 1);
INSERT INTO admission_score (id, university_id, major_id, year, province, min_score, min_rank, avg_score, plan_num, status) VALUES (864, 144, 6, 2023, '浙江', 599, 10161, 604, 20, 1);
INSERT INTO admission_score (id, university_id, major_id, year, province, min_score, min_rank, avg_score, plan_num, status) VALUES (865, 145, 46, 2022, '北京', 562, 13900, 567, 30, 1);
INSERT INTO admission_score (id, university_id, major_id, year, province, min_score, min_rank, avg_score, plan_num, status) VALUES (866, 145, 33, 2022, '四川', 669, 3118, 674, 35, 1);
INSERT INTO admission_score (id, university_id, major_id, year, province, min_score, min_rank, avg_score, plan_num, status) VALUES (867, 145, 100, 2022, '广东', 582, 11822, 587, 22, 1);
INSERT INTO admission_score (id, university_id, major_id, year, province, min_score, min_rank, avg_score, plan_num, status) VALUES (868, 145, 37, 2023, '山东', 580, 12022, 585, 17, 1);
INSERT INTO admission_score (id, university_id, major_id, year, province, min_score, min_rank, avg_score, plan_num, status) VALUES (869, 145, 69, 2023, '江苏', 672, 2826, 677, 43, 1);
INSERT INTO admission_score (id, university_id, major_id, year, province, min_score, min_rank, avg_score, plan_num, status) VALUES (870, 145, 88, 2023, '湖北', 621, 7974, 626, 13, 1);
INSERT INTO admission_score (id, university_id, major_id, year, province, min_score, min_rank, avg_score, plan_num, status) VALUES (871, 146, 34, 2022, '广东', 680, 2046, 685, 30, 1);
INSERT INTO admission_score (id, university_id, major_id, year, province, min_score, min_rank, avg_score, plan_num, status) VALUES (872, 146, 26, 2022, '江苏', 578, 12270, 583, 22, 1);
INSERT INTO admission_score (id, university_id, major_id, year, province, min_score, min_rank, avg_score, plan_num, status) VALUES (873, 146, 88, 2022, '湖北', 577, 12318, 582, 26, 1);
INSERT INTO admission_score (id, university_id, major_id, year, province, min_score, min_rank, avg_score, plan_num, status) VALUES (874, 146, 56, 2023, '浙江', 591, 10942, 596, 29, 1);
INSERT INTO admission_score (id, university_id, major_id, year, province, min_score, min_rank, avg_score, plan_num, status) VALUES (875, 146, 24, 2023, '湖北', 585, 11532, 590, 40, 1);
INSERT INTO admission_score (id, university_id, major_id, year, province, min_score, min_rank, avg_score, plan_num, status) VALUES (876, 146, 70, 2023, '广东', 675, 2537, 680, 30, 1);
INSERT INTO admission_score (id, university_id, major_id, year, province, min_score, min_rank, avg_score, plan_num, status) VALUES (877, 147, 73, 2022, '四川', 630, 7067, 635, 43, 1);
INSERT INTO admission_score (id, university_id, major_id, year, province, min_score, min_rank, avg_score, plan_num, status) VALUES (878, 147, 59, 2022, '广东', 650, 5036, 655, 18, 1);
INSERT INTO admission_score (id, university_id, major_id, year, province, min_score, min_rank, avg_score, plan_num, status) VALUES (879, 147, 110, 2022, '山东', 652, 4877, 657, 10, 1);
INSERT INTO admission_score (id, university_id, major_id, year, province, min_score, min_rank, avg_score, plan_num, status) VALUES (880, 147, 80, 2023, '河南', 582, 11832, 587, 44, 1);
INSERT INTO admission_score (id, university_id, major_id, year, province, min_score, min_rank, avg_score, plan_num, status) VALUES (881, 147, 60, 2023, '江苏', 554, 14657, 559, 18, 1);
INSERT INTO admission_score (id, university_id, major_id, year, province, min_score, min_rank, avg_score, plan_num, status) VALUES (882, 147, 101, 2023, '湖北', 654, 4655, 659, 32, 1);
INSERT INTO admission_score (id, university_id, major_id, year, province, min_score, min_rank, avg_score, plan_num, status) VALUES (883, 148, 30, 2022, '四川', 596, 10411, 601, 43, 1);
INSERT INTO admission_score (id, university_id, major_id, year, province, min_score, min_rank, avg_score, plan_num, status) VALUES (884, 148, 29, 2022, '北京', 607, 9374, 612, 14, 1);
INSERT INTO admission_score (id, university_id, major_id, year, province, min_score, min_rank, avg_score, plan_num, status) VALUES (885, 148, 25, 2022, '浙江', 655, 4540, 660, 32, 1);
INSERT INTO admission_score (id, university_id, major_id, year, province, min_score, min_rank, avg_score, plan_num, status) VALUES (886, 148, 65, 2023, '北京', 665, 3510, 670, 46, 1);
INSERT INTO admission_score (id, university_id, major_id, year, province, min_score, min_rank, avg_score, plan_num, status) VALUES (887, 148, 10, 2023, '山东', 616, 8434, 621, 30, 1);
INSERT INTO admission_score (id, university_id, major_id, year, province, min_score, min_rank, avg_score, plan_num, status) VALUES (888, 148, 109, 2023, '四川', 603, 9744, 608, 18, 1);
INSERT INTO admission_score (id, university_id, major_id, year, province, min_score, min_rank, avg_score, plan_num, status) VALUES (889, 149, 108, 2022, '山东', 593, 10719, 598, 14, 1);
INSERT INTO admission_score (id, university_id, major_id, year, province, min_score, min_rank, avg_score, plan_num, status) VALUES (890, 149, 45, 2022, '广东', 561, 13987, 566, 39, 1);
INSERT INTO admission_score (id, university_id, major_id, year, province, min_score, min_rank, avg_score, plan_num, status) VALUES (891, 149, 64, 2022, '湖北', 666, 3482, 671, 27, 1);
INSERT INTO admission_score (id, university_id, major_id, year, province, min_score, min_rank, avg_score, plan_num, status) VALUES (892, 149, 105, 2023, '湖北', 571, 12983, 576, 22, 1);
INSERT INTO admission_score (id, university_id, major_id, year, province, min_score, min_rank, avg_score, plan_num, status) VALUES (893, 149, 42, 2023, '江苏', 665, 3549, 670, 48, 1);
INSERT INTO admission_score (id, university_id, major_id, year, province, min_score, min_rank, avg_score, plan_num, status) VALUES (894, 149, 80, 2023, '河南', 566, 13446, 571, 44, 1);
INSERT INTO admission_score (id, university_id, major_id, year, province, min_score, min_rank, avg_score, plan_num, status) VALUES (895, 150, 32, 2022, '广东', 657, 4323, 662, 14, 1);
INSERT INTO admission_score (id, university_id, major_id, year, province, min_score, min_rank, avg_score, plan_num, status) VALUES (896, 150, 81, 2022, '北京', 600, 10097, 605, 39, 1);
INSERT INTO admission_score (id, university_id, major_id, year, province, min_score, min_rank, avg_score, plan_num, status) VALUES (897, 150, 5, 2022, '浙江', 554, 14686, 559, 42, 1);
INSERT INTO admission_score (id, university_id, major_id, year, province, min_score, min_rank, avg_score, plan_num, status) VALUES (898, 150, 26, 2023, '四川', 637, 6318, 642, 11, 1);
INSERT INTO admission_score (id, university_id, major_id, year, province, min_score, min_rank, avg_score, plan_num, status) VALUES (899, 150, 63, 2023, '湖北', 629, 7167, 634, 34, 1);
INSERT INTO admission_score (id, university_id, major_id, year, province, min_score, min_rank, avg_score, plan_num, status) VALUES (900, 150, 26, 2023, '浙江', 598, 10299, 603, 33, 1);
INSERT INTO admission_score (id, university_id, major_id, year, province, min_score, min_rank, avg_score, plan_num, status) VALUES (901, 151, 74, 2022, '四川', 596, 10451, 601, 45, 1);
INSERT INTO admission_score (id, university_id, major_id, year, province, min_score, min_rank, avg_score, plan_num, status) VALUES (902, 151, 25, 2022, '北京', 618, 8208, 623, 42, 1);
INSERT INTO admission_score (id, university_id, major_id, year, province, min_score, min_rank, avg_score, plan_num, status) VALUES (903, 151, 53, 2022, '广东', 587, 11386, 592, 29, 1);
INSERT INTO admission_score (id, university_id, major_id, year, province, min_score, min_rank, avg_score, plan_num, status) VALUES (904, 151, 105, 2023, '山东', 566, 13414, 571, 36, 1);
INSERT INTO admission_score (id, university_id, major_id, year, province, min_score, min_rank, avg_score, plan_num, status) VALUES (905, 151, 37, 2023, '河南', 567, 13314, 572, 16, 1);
INSERT INTO admission_score (id, university_id, major_id, year, province, min_score, min_rank, avg_score, plan_num, status) VALUES (906, 151, 19, 2023, '广东', 564, 13687, 569, 31, 1);
INSERT INTO admission_score (id, university_id, major_id, year, province, min_score, min_rank, avg_score, plan_num, status) VALUES (907, 152, 98, 2022, '湖北', 631, 6994, 636, 48, 1);
INSERT INTO admission_score (id, university_id, major_id, year, province, min_score, min_rank, avg_score, plan_num, status) VALUES (908, 152, 63, 2022, '四川', 646, 5485, 651, 37, 1);
INSERT INTO admission_score (id, university_id, major_id, year, province, min_score, min_rank, avg_score, plan_num, status) VALUES (909, 152, 63, 2022, '河南', 584, 11666, 589, 23, 1);
INSERT INTO admission_score (id, university_id, major_id, year, province, min_score, min_rank, avg_score, plan_num, status) VALUES (910, 152, 38, 2023, '浙江', 676, 2459, 681, 39, 1);
INSERT INTO admission_score (id, university_id, major_id, year, province, min_score, min_rank, avg_score, plan_num, status) VALUES (911, 152, 94, 2023, '北京', 563, 13703, 568, 29, 1);
INSERT INTO admission_score (id, university_id, major_id, year, province, min_score, min_rank, avg_score, plan_num, status) VALUES (912, 152, 108, 2023, '山东', 579, 12189, 584, 25, 1);
INSERT INTO admission_score (id, university_id, major_id, year, province, min_score, min_rank, avg_score, plan_num, status) VALUES (913, 153, 74, 2022, '江苏', 615, 8530, 620, 30, 1);
INSERT INTO admission_score (id, university_id, major_id, year, province, min_score, min_rank, avg_score, plan_num, status) VALUES (914, 153, 80, 2022, '四川', 642, 5879, 647, 13, 1);
INSERT INTO admission_score (id, university_id, major_id, year, province, min_score, min_rank, avg_score, plan_num, status) VALUES (915, 153, 40, 2022, '河南', 555, 14598, 560, 10, 1);
INSERT INTO admission_score (id, university_id, major_id, year, province, min_score, min_rank, avg_score, plan_num, status) VALUES (916, 153, 81, 2023, '湖北', 656, 4418, 661, 31, 1);
INSERT INTO admission_score (id, university_id, major_id, year, province, min_score, min_rank, avg_score, plan_num, status) VALUES (917, 153, 3, 2023, '广东', 617, 8382, 622, 20, 1);
INSERT INTO admission_score (id, university_id, major_id, year, province, min_score, min_rank, avg_score, plan_num, status) VALUES (918, 153, 20, 2023, '浙江', 597, 10310, 602, 46, 1);
INSERT INTO admission_score (id, university_id, major_id, year, province, min_score, min_rank, avg_score, plan_num, status) VALUES (919, 154, 9, 2022, '广东', 576, 12424, 581, 40, 1);
INSERT INTO admission_score (id, university_id, major_id, year, province, min_score, min_rank, avg_score, plan_num, status) VALUES (920, 154, 34, 2022, '江苏', 570, 13059, 575, 12, 1);
INSERT INTO admission_score (id, university_id, major_id, year, province, min_score, min_rank, avg_score, plan_num, status) VALUES (921, 154, 44, 2022, '河南', 647, 5380, 652, 11, 1);
INSERT INTO admission_score (id, university_id, major_id, year, province, min_score, min_rank, avg_score, plan_num, status) VALUES (922, 154, 83, 2023, '北京', 662, 3900, 667, 18, 1);
INSERT INTO admission_score (id, university_id, major_id, year, province, min_score, min_rank, avg_score, plan_num, status) VALUES (923, 154, 71, 2023, '山东', 567, 13343, 572, 41, 1);
INSERT INTO admission_score (id, university_id, major_id, year, province, min_score, min_rank, avg_score, plan_num, status) VALUES (924, 154, 31, 2023, '湖北', 674, 2684, 679, 23, 1);
INSERT INTO admission_score (id, university_id, major_id, year, province, min_score, min_rank, avg_score, plan_num, status) VALUES (925, 155, 94, 2022, '山东', 670, 3052, 675, 13, 1);
INSERT INTO admission_score (id, university_id, major_id, year, province, min_score, min_rank, avg_score, plan_num, status) VALUES (926, 155, 75, 2022, '广东', 645, 5561, 650, 13, 1);
INSERT INTO admission_score (id, university_id, major_id, year, province, min_score, min_rank, avg_score, plan_num, status) VALUES (927, 155, 52, 2022, '河南', 557, 14339, 562, 38, 1);
INSERT INTO admission_score (id, university_id, major_id, year, province, min_score, min_rank, avg_score, plan_num, status) VALUES (928, 155, 33, 2023, '河南', 569, 13173, 574, 34, 1);
INSERT INTO admission_score (id, university_id, major_id, year, province, min_score, min_rank, avg_score, plan_num, status) VALUES (929, 155, 83, 2023, '山东', 599, 10102, 604, 38, 1);
INSERT INTO admission_score (id, university_id, major_id, year, province, min_score, min_rank, avg_score, plan_num, status) VALUES (930, 155, 104, 2023, '四川', 581, 11937, 586, 14, 1);
INSERT INTO admission_score (id, university_id, major_id, year, province, min_score, min_rank, avg_score, plan_num, status) VALUES (931, 156, 24, 2022, '广东', 632, 6843, 637, 11, 1);
INSERT INTO admission_score (id, university_id, major_id, year, province, min_score, min_rank, avg_score, plan_num, status) VALUES (932, 156, 68, 2022, '湖北', 623, 7782, 628, 49, 1);
INSERT INTO admission_score (id, university_id, major_id, year, province, min_score, min_rank, avg_score, plan_num, status) VALUES (933, 156, 65, 2022, '四川', 563, 13783, 568, 40, 1);
INSERT INTO admission_score (id, university_id, major_id, year, province, min_score, min_rank, avg_score, plan_num, status) VALUES (934, 156, 17, 2023, '浙江', 667, 3384, 672, 45, 1);
INSERT INTO admission_score (id, university_id, major_id, year, province, min_score, min_rank, avg_score, plan_num, status) VALUES (935, 156, 29, 2023, '湖北', 674, 2621, 679, 48, 1);
INSERT INTO admission_score (id, university_id, major_id, year, province, min_score, min_rank, avg_score, plan_num, status) VALUES (936, 156, 45, 2023, '山东', 590, 11086, 595, 45, 1);
INSERT INTO admission_score (id, university_id, major_id, year, province, min_score, min_rank, avg_score, plan_num, status) VALUES (937, 157, 69, 2022, '河南', 618, 8262, 623, 19, 1);
INSERT INTO admission_score (id, university_id, major_id, year, province, min_score, min_rank, avg_score, plan_num, status) VALUES (938, 157, 57, 2022, '山东', 666, 3447, 671, 47, 1);
INSERT INTO admission_score (id, university_id, major_id, year, province, min_score, min_rank, avg_score, plan_num, status) VALUES (939, 157, 65, 2022, '江苏', 617, 8303, 622, 29, 1);
INSERT INTO admission_score (id, university_id, major_id, year, province, min_score, min_rank, avg_score, plan_num, status) VALUES (940, 157, 39, 2023, '河南', 557, 14369, 562, 37, 1);
INSERT INTO admission_score (id, university_id, major_id, year, province, min_score, min_rank, avg_score, plan_num, status) VALUES (941, 157, 93, 2023, '四川', 564, 13695, 569, 30, 1);
INSERT INTO admission_score (id, university_id, major_id, year, province, min_score, min_rank, avg_score, plan_num, status) VALUES (942, 157, 93, 2023, '山东', 643, 5787, 648, 10, 1);
INSERT INTO admission_score (id, university_id, major_id, year, province, min_score, min_rank, avg_score, plan_num, status) VALUES (943, 158, 20, 2022, '北京', 636, 6498, 641, 17, 1);
INSERT INTO admission_score (id, university_id, major_id, year, province, min_score, min_rank, avg_score, plan_num, status) VALUES (944, 158, 89, 2022, '浙江', 587, 11387, 592, 29, 1);
INSERT INTO admission_score (id, university_id, major_id, year, province, min_score, min_rank, avg_score, plan_num, status) VALUES (945, 158, 37, 2022, '湖北', 621, 7996, 626, 33, 1);
INSERT INTO admission_score (id, university_id, major_id, year, province, min_score, min_rank, avg_score, plan_num, status) VALUES (946, 158, 32, 2023, '浙江', 573, 12719, 578, 38, 1);
INSERT INTO admission_score (id, university_id, major_id, year, province, min_score, min_rank, avg_score, plan_num, status) VALUES (947, 158, 66, 2023, '四川', 618, 8234, 623, 13, 1);
INSERT INTO admission_score (id, university_id, major_id, year, province, min_score, min_rank, avg_score, plan_num, status) VALUES (948, 158, 61, 2023, '湖北', 553, 14793, 558, 22, 1);
INSERT INTO admission_score (id, university_id, major_id, year, province, min_score, min_rank, avg_score, plan_num, status) VALUES (949, 159, 30, 2022, '山东', 617, 8361, 622, 27, 1);
INSERT INTO admission_score (id, university_id, major_id, year, province, min_score, min_rank, avg_score, plan_num, status) VALUES (950, 159, 25, 2022, '浙江', 642, 5816, 647, 50, 1);
INSERT INTO admission_score (id, university_id, major_id, year, province, min_score, min_rank, avg_score, plan_num, status) VALUES (951, 159, 59, 2022, '四川', 554, 14656, 559, 43, 1);
INSERT INTO admission_score (id, university_id, major_id, year, province, min_score, min_rank, avg_score, plan_num, status) VALUES (952, 159, 25, 2023, '湖北', 636, 6472, 641, 45, 1);
INSERT INTO admission_score (id, university_id, major_id, year, province, min_score, min_rank, avg_score, plan_num, status) VALUES (953, 159, 17, 2023, '浙江', 640, 6004, 645, 37, 1);
INSERT INTO admission_score (id, university_id, major_id, year, province, min_score, min_rank, avg_score, plan_num, status) VALUES (954, 159, 53, 2023, '山东', 667, 3352, 672, 14, 1);
INSERT INTO admission_score (id, university_id, major_id, year, province, min_score, min_rank, avg_score, plan_num, status) VALUES (955, 160, 109, 2022, '河南', 671, 2904, 676, 41, 1);
INSERT INTO admission_score (id, university_id, major_id, year, province, min_score, min_rank, avg_score, plan_num, status) VALUES (956, 160, 86, 2022, '四川', 596, 10457, 601, 21, 1);
INSERT INTO admission_score (id, university_id, major_id, year, province, min_score, min_rank, avg_score, plan_num, status) VALUES (957, 160, 26, 2022, '江苏', 606, 9486, 611, 25, 1);
INSERT INTO admission_score (id, university_id, major_id, year, province, min_score, min_rank, avg_score, plan_num, status) VALUES (958, 160, 92, 2023, '河南', 673, 2732, 678, 30, 1);
INSERT INTO admission_score (id, university_id, major_id, year, province, min_score, min_rank, avg_score, plan_num, status) VALUES (959, 160, 61, 2023, '湖北', 581, 11972, 586, 22, 1);
INSERT INTO admission_score (id, university_id, major_id, year, province, min_score, min_rank, avg_score, plan_num, status) VALUES (960, 160, 1, 2023, '江苏', 636, 6481, 641, 12, 1);
INSERT INTO admission_score (id, university_id, major_id, year, province, min_score, min_rank, avg_score, plan_num, status) VALUES (961, 161, 73, 2022, '湖北', 627, 7366, 632, 17, 1);
INSERT INTO admission_score (id, university_id, major_id, year, province, min_score, min_rank, avg_score, plan_num, status) VALUES (962, 161, 98, 2022, '江苏', 614, 8649, 619, 38, 1);
INSERT INTO admission_score (id, university_id, major_id, year, province, min_score, min_rank, avg_score, plan_num, status) VALUES (963, 161, 10, 2022, '北京', 619, 8139, 624, 40, 1);
INSERT INTO admission_score (id, university_id, major_id, year, province, min_score, min_rank, avg_score, plan_num, status) VALUES (964, 161, 67, 2023, '江苏', 565, 13576, 570, 21, 1);
INSERT INTO admission_score (id, university_id, major_id, year, province, min_score, min_rank, avg_score, plan_num, status) VALUES (965, 161, 63, 2023, '山东', 580, 12047, 585, 12, 1);
INSERT INTO admission_score (id, university_id, major_id, year, province, min_score, min_rank, avg_score, plan_num, status) VALUES (966, 161, 44, 2023, '北京', 605, 9567, 610, 48, 1);
INSERT INTO admission_score (id, university_id, major_id, year, province, min_score, min_rank, avg_score, plan_num, status) VALUES (967, 162, 41, 2022, '广东', 665, 3559, 670, 12, 1);
INSERT INTO admission_score (id, university_id, major_id, year, province, min_score, min_rank, avg_score, plan_num, status) VALUES (968, 162, 27, 2022, '北京', 674, 2637, 679, 36, 1);
INSERT INTO admission_score (id, university_id, major_id, year, province, min_score, min_rank, avg_score, plan_num, status) VALUES (969, 162, 17, 2022, '江苏', 557, 14372, 562, 22, 1);
INSERT INTO admission_score (id, university_id, major_id, year, province, min_score, min_rank, avg_score, plan_num, status) VALUES (970, 162, 87, 2023, '广东', 561, 13973, 566, 30, 1);
INSERT INTO admission_score (id, university_id, major_id, year, province, min_score, min_rank, avg_score, plan_num, status) VALUES (971, 162, 90, 2023, '湖北', 624, 7668, 629, 14, 1);
INSERT INTO admission_score (id, university_id, major_id, year, province, min_score, min_rank, avg_score, plan_num, status) VALUES (972, 162, 92, 2023, '四川', 568, 13253, 573, 19, 1);
INSERT INTO admission_score (id, university_id, major_id, year, province, min_score, min_rank, avg_score, plan_num, status) VALUES (973, 163, 23, 2022, '江苏', 553, 14784, 558, 29, 1);
INSERT INTO admission_score (id, university_id, major_id, year, province, min_score, min_rank, avg_score, plan_num, status) VALUES (974, 163, 24, 2022, '广东', 564, 13621, 569, 29, 1);
INSERT INTO admission_score (id, university_id, major_id, year, province, min_score, min_rank, avg_score, plan_num, status) VALUES (975, 163, 67, 2022, '河南', 658, 4243, 663, 35, 1);
INSERT INTO admission_score (id, university_id, major_id, year, province, min_score, min_rank, avg_score, plan_num, status) VALUES (976, 163, 2, 2023, '浙江', 630, 7018, 635, 18, 1);
INSERT INTO admission_score (id, university_id, major_id, year, province, min_score, min_rank, avg_score, plan_num, status) VALUES (977, 163, 5, 2023, '四川', 577, 12316, 582, 37, 1);
INSERT INTO admission_score (id, university_id, major_id, year, province, min_score, min_rank, avg_score, plan_num, status) VALUES (978, 163, 87, 2023, '山东', 648, 5262, 653, 30, 1);
INSERT INTO admission_score (id, university_id, major_id, year, province, min_score, min_rank, avg_score, plan_num, status) VALUES (979, 164, 99, 2022, '浙江', 641, 5993, 646, 38, 1);
INSERT INTO admission_score (id, university_id, major_id, year, province, min_score, min_rank, avg_score, plan_num, status) VALUES (980, 164, 85, 2022, '湖北', 609, 9173, 614, 38, 1);
INSERT INTO admission_score (id, university_id, major_id, year, province, min_score, min_rank, avg_score, plan_num, status) VALUES (981, 164, 80, 2022, '四川', 556, 14448, 561, 43, 1);
INSERT INTO admission_score (id, university_id, major_id, year, province, min_score, min_rank, avg_score, plan_num, status) VALUES (982, 164, 101, 2023, '湖北', 564, 13631, 569, 10, 1);
INSERT INTO admission_score (id, university_id, major_id, year, province, min_score, min_rank, avg_score, plan_num, status) VALUES (983, 164, 77, 2023, '四川', 550, 15065, 555, 15, 1);
INSERT INTO admission_score (id, university_id, major_id, year, province, min_score, min_rank, avg_score, plan_num, status) VALUES (984, 164, 17, 2023, '浙江', 592, 10852, 597, 34, 1);
INSERT INTO admission_score (id, university_id, major_id, year, province, min_score, min_rank, avg_score, plan_num, status) VALUES (985, 165, 13, 2022, '河南', 600, 10024, 605, 37, 1);
INSERT INTO admission_score (id, university_id, major_id, year, province, min_score, min_rank, avg_score, plan_num, status) VALUES (986, 165, 57, 2022, '湖北', 584, 11612, 589, 40, 1);
INSERT INTO admission_score (id, university_id, major_id, year, province, min_score, min_rank, avg_score, plan_num, status) VALUES (987, 165, 13, 2022, '浙江', 560, 14008, 565, 41, 1);
INSERT INTO admission_score (id, university_id, major_id, year, province, min_score, min_rank, avg_score, plan_num, status) VALUES (988, 165, 64, 2023, '山东', 625, 7531, 630, 30, 1);
INSERT INTO admission_score (id, university_id, major_id, year, province, min_score, min_rank, avg_score, plan_num, status) VALUES (989, 165, 49, 2023, '四川', 632, 6816, 637, 17, 1);
INSERT INTO admission_score (id, university_id, major_id, year, province, min_score, min_rank, avg_score, plan_num, status) VALUES (990, 165, 51, 2023, '江苏', 560, 14088, 565, 16, 1);
INSERT INTO admission_score (id, university_id, major_id, year, province, min_score, min_rank, avg_score, plan_num, status) VALUES (991, 166, 37, 2022, '北京', 658, 4300, 663, 30, 1);
INSERT INTO admission_score (id, university_id, major_id, year, province, min_score, min_rank, avg_score, plan_num, status) VALUES (992, 166, 61, 2022, '四川', 635, 6600, 640, 31, 1);
INSERT INTO admission_score (id, university_id, major_id, year, province, min_score, min_rank, avg_score, plan_num, status) VALUES (993, 166, 45, 2022, '浙江', 611, 8912, 616, 26, 1);
INSERT INTO admission_score (id, university_id, major_id, year, province, min_score, min_rank, avg_score, plan_num, status) VALUES (994, 166, 34, 2023, '四川', 612, 8809, 617, 48, 1);
INSERT INTO admission_score (id, university_id, major_id, year, province, min_score, min_rank, avg_score, plan_num, status) VALUES (995, 166, 80, 2023, '湖北', 570, 13009, 575, 50, 1);
INSERT INTO admission_score (id, university_id, major_id, year, province, min_score, min_rank, avg_score, plan_num, status) VALUES (996, 166, 81, 2023, '广东', 589, 11120, 594, 47, 1);
INSERT INTO admission_score (id, university_id, major_id, year, province, min_score, min_rank, avg_score, plan_num, status) VALUES (997, 167, 83, 2022, '湖北', 641, 5906, 646, 47, 1);
INSERT INTO admission_score (id, university_id, major_id, year, province, min_score, min_rank, avg_score, plan_num, status) VALUES (998, 167, 9, 2022, '广东', 607, 9369, 612, 20, 1);
INSERT INTO admission_score (id, university_id, major_id, year, province, min_score, min_rank, avg_score, plan_num, status) VALUES (999, 167, 28, 2022, '河南', 573, 12734, 578, 40, 1);
INSERT INTO admission_score (id, university_id, major_id, year, province, min_score, min_rank, avg_score, plan_num, status) VALUES (1000, 167, 71, 2023, '浙江', 620, 8091, 625, 22, 1);
INSERT INTO admission_score (id, university_id, major_id, year, province, min_score, min_rank, avg_score, plan_num, status) VALUES (1001, 167, 25, 2023, '湖北', 661, 3961, 666, 42, 1);
INSERT INTO admission_score (id, university_id, major_id, year, province, min_score, min_rank, avg_score, plan_num, status) VALUES (1002, 167, 48, 2023, '山东', 561, 13967, 566, 50, 1);
INSERT INTO admission_score (id, university_id, major_id, year, province, min_score, min_rank, avg_score, plan_num, status) VALUES (1003, 168, 88, 2022, '广东', 662, 3845, 667, 11, 1);
INSERT INTO admission_score (id, university_id, major_id, year, province, min_score, min_rank, avg_score, plan_num, status) VALUES (1004, 168, 33, 2022, '四川', 609, 9183, 614, 43, 1);
INSERT INTO admission_score (id, university_id, major_id, year, province, min_score, min_rank, avg_score, plan_num, status) VALUES (1005, 168, 91, 2022, '河南', 565, 13555, 570, 50, 1);
INSERT INTO admission_score (id, university_id, major_id, year, province, min_score, min_rank, avg_score, plan_num, status) VALUES (1006, 168, 75, 2023, '江苏', 636, 6498, 641, 31, 1);
INSERT INTO admission_score (id, university_id, major_id, year, province, min_score, min_rank, avg_score, plan_num, status) VALUES (1007, 168, 40, 2023, '山东', 563, 13797, 568, 22, 1);
INSERT INTO admission_score (id, university_id, major_id, year, province, min_score, min_rank, avg_score, plan_num, status) VALUES (1008, 168, 32, 2023, '广东', 607, 9317, 612, 32, 1);
INSERT INTO admission_score (id, university_id, major_id, year, province, min_score, min_rank, avg_score, plan_num, status) VALUES (1009, 169, 74, 2022, '山东', 574, 12626, 579, 40, 1);
INSERT INTO admission_score (id, university_id, major_id, year, province, min_score, min_rank, avg_score, plan_num, status) VALUES (1010, 169, 58, 2022, '四川', 587, 11377, 592, 43, 1);
INSERT INTO admission_score (id, university_id, major_id, year, province, min_score, min_rank, avg_score, plan_num, status) VALUES (1011, 169, 33, 2022, '河南', 608, 9205, 613, 27, 1);
INSERT INTO admission_score (id, university_id, major_id, year, province, min_score, min_rank, avg_score, plan_num, status) VALUES (1012, 169, 5, 2023, '河南', 566, 13427, 571, 19, 1);
INSERT INTO admission_score (id, university_id, major_id, year, province, min_score, min_rank, avg_score, plan_num, status) VALUES (1013, 169, 54, 2023, '四川', 662, 3857, 667, 37, 1);
INSERT INTO admission_score (id, university_id, major_id, year, province, min_score, min_rank, avg_score, plan_num, status) VALUES (1014, 169, 16, 2023, '江苏', 563, 13756, 568, 32, 1);
INSERT INTO admission_score (id, university_id, major_id, year, province, min_score, min_rank, avg_score, plan_num, status) VALUES (1015, 170, 87, 2022, '江苏', 637, 6303, 642, 50, 1);
INSERT INTO admission_score (id, university_id, major_id, year, province, min_score, min_rank, avg_score, plan_num, status) VALUES (1016, 170, 13, 2022, '山东', 636, 6433, 641, 41, 1);
INSERT INTO admission_score (id, university_id, major_id, year, province, min_score, min_rank, avg_score, plan_num, status) VALUES (1017, 170, 96, 2022, '河南', 626, 7485, 631, 30, 1);
INSERT INTO admission_score (id, university_id, major_id, year, province, min_score, min_rank, avg_score, plan_num, status) VALUES (1018, 170, 57, 2023, '北京', 667, 3385, 672, 31, 1);
INSERT INTO admission_score (id, university_id, major_id, year, province, min_score, min_rank, avg_score, plan_num, status) VALUES (1019, 170, 65, 2023, '四川', 593, 10775, 598, 39, 1);
INSERT INTO admission_score (id, university_id, major_id, year, province, min_score, min_rank, avg_score, plan_num, status) VALUES (1020, 170, 10, 2023, '河南', 589, 11175, 594, 47, 1);
INSERT INTO admission_score (id, university_id, major_id, year, province, min_score, min_rank, avg_score, plan_num, status) VALUES (1021, 171, 33, 2022, '河南', 623, 7707, 628, 25, 1);
INSERT INTO admission_score (id, university_id, major_id, year, province, min_score, min_rank, avg_score, plan_num, status) VALUES (1022, 171, 95, 2022, '山东', 602, 9855, 607, 47, 1);
INSERT INTO admission_score (id, university_id, major_id, year, province, min_score, min_rank, avg_score, plan_num, status) VALUES (1023, 171, 85, 2022, '四川', 674, 2635, 679, 19, 1);
INSERT INTO admission_score (id, university_id, major_id, year, province, min_score, min_rank, avg_score, plan_num, status) VALUES (1024, 171, 10, 2023, '江苏', 644, 5643, 649, 16, 1);
INSERT INTO admission_score (id, university_id, major_id, year, province, min_score, min_rank, avg_score, plan_num, status) VALUES (1025, 171, 78, 2023, '四川', 567, 13338, 572, 49, 1);
INSERT INTO admission_score (id, university_id, major_id, year, province, min_score, min_rank, avg_score, plan_num, status) VALUES (1026, 171, 96, 2023, '浙江', 555, 14525, 560, 27, 1);
INSERT INTO admission_score (id, university_id, major_id, year, province, min_score, min_rank, avg_score, plan_num, status) VALUES (1027, 172, 59, 2022, '河南', 647, 5373, 652, 37, 1);
INSERT INTO admission_score (id, university_id, major_id, year, province, min_score, min_rank, avg_score, plan_num, status) VALUES (1028, 172, 96, 2022, '北京', 642, 5855, 647, 40, 1);
INSERT INTO admission_score (id, university_id, major_id, year, province, min_score, min_rank, avg_score, plan_num, status) VALUES (1029, 172, 36, 2022, '山东', 566, 13498, 571, 34, 1);
INSERT INTO admission_score (id, university_id, major_id, year, province, min_score, min_rank, avg_score, plan_num, status) VALUES (1030, 172, 31, 2023, '北京', 619, 8134, 624, 31, 1);
INSERT INTO admission_score (id, university_id, major_id, year, province, min_score, min_rank, avg_score, plan_num, status) VALUES (1031, 172, 73, 2023, '浙江', 587, 11391, 592, 39, 1);
INSERT INTO admission_score (id, university_id, major_id, year, province, min_score, min_rank, avg_score, plan_num, status) VALUES (1032, 172, 44, 2023, '山东', 566, 13408, 571, 38, 1);
INSERT INTO admission_score (id, university_id, major_id, year, province, min_score, min_rank, avg_score, plan_num, status) VALUES (1033, 173, 64, 2022, '北京', 605, 9557, 610, 28, 1);
INSERT INTO admission_score (id, university_id, major_id, year, province, min_score, min_rank, avg_score, plan_num, status) VALUES (1034, 173, 10, 2022, '四川', 569, 13162, 574, 37, 1);
INSERT INTO admission_score (id, university_id, major_id, year, province, min_score, min_rank, avg_score, plan_num, status) VALUES (1035, 173, 73, 2022, '河南', 563, 13753, 568, 37, 1);
INSERT INTO admission_score (id, university_id, major_id, year, province, min_score, min_rank, avg_score, plan_num, status) VALUES (1036, 173, 67, 2023, '北京', 580, 12048, 585, 24, 1);
INSERT INTO admission_score (id, university_id, major_id, year, province, min_score, min_rank, avg_score, plan_num, status) VALUES (1037, 173, 109, 2023, '广东', 597, 10326, 602, 46, 1);
INSERT INTO admission_score (id, university_id, major_id, year, province, min_score, min_rank, avg_score, plan_num, status) VALUES (1038, 173, 1, 2023, '山东', 673, 2800, 678, 27, 1);
INSERT INTO admission_score (id, university_id, major_id, year, province, min_score, min_rank, avg_score, plan_num, status) VALUES (1039, 174, 75, 2022, '北京', 641, 5927, 646, 34, 1);
INSERT INTO admission_score (id, university_id, major_id, year, province, min_score, min_rank, avg_score, plan_num, status) VALUES (1040, 174, 57, 2022, '四川', 678, 2246, 683, 39, 1);
INSERT INTO admission_score (id, university_id, major_id, year, province, min_score, min_rank, avg_score, plan_num, status) VALUES (1041, 174, 33, 2022, '广东', 572, 12900, 577, 10, 1);
INSERT INTO admission_score (id, university_id, major_id, year, province, min_score, min_rank, avg_score, plan_num, status) VALUES (1042, 174, 11, 2023, '湖北', 583, 11768, 588, 36, 1);
INSERT INTO admission_score (id, university_id, major_id, year, province, min_score, min_rank, avg_score, plan_num, status) VALUES (1043, 174, 59, 2023, '广东', 568, 13221, 573, 16, 1);
INSERT INTO admission_score (id, university_id, major_id, year, province, min_score, min_rank, avg_score, plan_num, status) VALUES (1044, 174, 44, 2023, '四川', 625, 7531, 630, 29, 1);
INSERT INTO admission_score (id, university_id, major_id, year, province, min_score, min_rank, avg_score, plan_num, status) VALUES (1045, 175, 48, 2022, '北京', 597, 10372, 602, 36, 1);
INSERT INTO admission_score (id, university_id, major_id, year, province, min_score, min_rank, avg_score, plan_num, status) VALUES (1046, 175, 49, 2022, '广东', 638, 6292, 643, 22, 1);
INSERT INTO admission_score (id, university_id, major_id, year, province, min_score, min_rank, avg_score, plan_num, status) VALUES (1047, 175, 58, 2022, '湖北', 580, 12011, 585, 47, 1);
INSERT INTO admission_score (id, university_id, major_id, year, province, min_score, min_rank, avg_score, plan_num, status) VALUES (1048, 175, 80, 2023, '北京', 569, 13171, 574, 33, 1);
INSERT INTO admission_score (id, university_id, major_id, year, province, min_score, min_rank, avg_score, plan_num, status) VALUES (1049, 175, 77, 2023, '浙江', 633, 6761, 638, 19, 1);
INSERT INTO admission_score (id, university_id, major_id, year, province, min_score, min_rank, avg_score, plan_num, status) VALUES (1050, 175, 49, 2023, '四川', 554, 14683, 559, 23, 1);
INSERT INTO admission_score (id, university_id, major_id, year, province, min_score, min_rank, avg_score, plan_num, status) VALUES (1051, 176, 86, 2022, '广东', 591, 10940, 596, 38, 1);
INSERT INTO admission_score (id, university_id, major_id, year, province, min_score, min_rank, avg_score, plan_num, status) VALUES (1052, 176, 84, 2022, '湖北', 656, 4470, 661, 40, 1);
INSERT INTO admission_score (id, university_id, major_id, year, province, min_score, min_rank, avg_score, plan_num, status) VALUES (1053, 176, 77, 2022, '北京', 660, 4065, 665, 25, 1);
INSERT INTO admission_score (id, university_id, major_id, year, province, min_score, min_rank, avg_score, plan_num, status) VALUES (1054, 176, 85, 2023, '山东', 621, 7937, 626, 35, 1);
INSERT INTO admission_score (id, university_id, major_id, year, province, min_score, min_rank, avg_score, plan_num, status) VALUES (1055, 176, 9, 2023, '河南', 671, 2962, 676, 34, 1);
INSERT INTO admission_score (id, university_id, major_id, year, province, min_score, min_rank, avg_score, plan_num, status) VALUES (1056, 176, 93, 2023, '广东', 680, 2016, 685, 17, 1);
INSERT INTO admission_score (id, university_id, major_id, year, province, min_score, min_rank, avg_score, plan_num, status) VALUES (1057, 177, 55, 2022, '四川', 593, 10792, 598, 28, 1);
INSERT INTO admission_score (id, university_id, major_id, year, province, min_score, min_rank, avg_score, plan_num, status) VALUES (1058, 177, 42, 2022, '广东', 559, 14147, 564, 40, 1);
INSERT INTO admission_score (id, university_id, major_id, year, province, min_score, min_rank, avg_score, plan_num, status) VALUES (1059, 177, 53, 2022, '浙江', 585, 11546, 590, 16, 1);
INSERT INTO admission_score (id, university_id, major_id, year, province, min_score, min_rank, avg_score, plan_num, status) VALUES (1060, 177, 89, 2023, '广东', 661, 3987, 666, 10, 1);
INSERT INTO admission_score (id, university_id, major_id, year, province, min_score, min_rank, avg_score, plan_num, status) VALUES (1061, 177, 50, 2023, '湖北', 588, 11293, 593, 48, 1);
INSERT INTO admission_score (id, university_id, major_id, year, province, min_score, min_rank, avg_score, plan_num, status) VALUES (1062, 177, 76, 2023, '江苏', 620, 8059, 625, 11, 1);
INSERT INTO admission_score (id, university_id, major_id, year, province, min_score, min_rank, avg_score, plan_num, status) VALUES (1063, 178, 7, 2022, '四川', 566, 13500, 571, 34, 1);
INSERT INTO admission_score (id, university_id, major_id, year, province, min_score, min_rank, avg_score, plan_num, status) VALUES (1064, 178, 21, 2022, '山东', 665, 3588, 670, 18, 1);
INSERT INTO admission_score (id, university_id, major_id, year, province, min_score, min_rank, avg_score, plan_num, status) VALUES (1065, 178, 93, 2022, '北京', 602, 9860, 607, 35, 1);
INSERT INTO admission_score (id, university_id, major_id, year, province, min_score, min_rank, avg_score, plan_num, status) VALUES (1066, 178, 63, 2023, '湖北', 566, 13423, 571, 49, 1);
INSERT INTO admission_score (id, university_id, major_id, year, province, min_score, min_rank, avg_score, plan_num, status) VALUES (1067, 178, 106, 2023, '山东', 666, 3459, 671, 44, 1);
INSERT INTO admission_score (id, university_id, major_id, year, province, min_score, min_rank, avg_score, plan_num, status) VALUES (1068, 178, 74, 2023, '广东', 595, 10536, 600, 10, 1);
INSERT INTO admission_score (id, university_id, major_id, year, province, min_score, min_rank, avg_score, plan_num, status) VALUES (1069, 179, 11, 2022, '北京', 641, 5972, 646, 20, 1);
INSERT INTO admission_score (id, university_id, major_id, year, province, min_score, min_rank, avg_score, plan_num, status) VALUES (1070, 179, 18, 2022, '江苏', 600, 10077, 605, 38, 1);
INSERT INTO admission_score (id, university_id, major_id, year, province, min_score, min_rank, avg_score, plan_num, status) VALUES (1071, 179, 38, 2022, '河南', 574, 12699, 579, 46, 1);
INSERT INTO admission_score (id, university_id, major_id, year, province, min_score, min_rank, avg_score, plan_num, status) VALUES (1072, 179, 90, 2023, '四川', 647, 5331, 652, 32, 1);
INSERT INTO admission_score (id, university_id, major_id, year, province, min_score, min_rank, avg_score, plan_num, status) VALUES (1073, 179, 63, 2023, '湖北', 637, 6396, 642, 28, 1);
INSERT INTO admission_score (id, university_id, major_id, year, province, min_score, min_rank, avg_score, plan_num, status) VALUES (1074, 179, 31, 2023, '浙江', 610, 9033, 615, 47, 1);
INSERT INTO admission_score (id, university_id, major_id, year, province, min_score, min_rank, avg_score, plan_num, status) VALUES (1075, 180, 21, 2022, '山东', 629, 7145, 634, 36, 1);
INSERT INTO admission_score (id, university_id, major_id, year, province, min_score, min_rank, avg_score, plan_num, status) VALUES (1076, 180, 13, 2022, '四川', 632, 6883, 637, 36, 1);
INSERT INTO admission_score (id, university_id, major_id, year, province, min_score, min_rank, avg_score, plan_num, status) VALUES (1077, 180, 58, 2022, '江苏', 627, 7348, 632, 36, 1);
INSERT INTO admission_score (id, university_id, major_id, year, province, min_score, min_rank, avg_score, plan_num, status) VALUES (1078, 180, 98, 2023, '浙江', 597, 10351, 602, 18, 1);
INSERT INTO admission_score (id, university_id, major_id, year, province, min_score, min_rank, avg_score, plan_num, status) VALUES (1079, 180, 64, 2023, '四川', 565, 13553, 570, 33, 1);
INSERT INTO admission_score (id, university_id, major_id, year, province, min_score, min_rank, avg_score, plan_num, status) VALUES (1080, 180, 22, 2023, '湖北', 634, 6682, 639, 43, 1);
INSERT INTO admission_score (id, university_id, major_id, year, province, min_score, min_rank, avg_score, plan_num, status) VALUES (1081, 181, 97, 2022, '广东', 675, 2501, 680, 37, 1);
INSERT INTO admission_score (id, university_id, major_id, year, province, min_score, min_rank, avg_score, plan_num, status) VALUES (1082, 181, 48, 2022, '北京', 599, 10185, 604, 31, 1);
INSERT INTO admission_score (id, university_id, major_id, year, province, min_score, min_rank, avg_score, plan_num, status) VALUES (1083, 181, 64, 2022, '江苏', 658, 4297, 663, 25, 1);
INSERT INTO admission_score (id, university_id, major_id, year, province, min_score, min_rank, avg_score, plan_num, status) VALUES (1084, 181, 46, 2023, '浙江', 604, 9694, 609, 16, 1);
INSERT INTO admission_score (id, university_id, major_id, year, province, min_score, min_rank, avg_score, plan_num, status) VALUES (1085, 181, 77, 2023, '河南', 581, 11945, 586, 13, 1);
INSERT INTO admission_score (id, university_id, major_id, year, province, min_score, min_rank, avg_score, plan_num, status) VALUES (1086, 181, 93, 2023, '湖北', 584, 11695, 589, 38, 1);
INSERT INTO admission_score (id, university_id, major_id, year, province, min_score, min_rank, avg_score, plan_num, status) VALUES (1087, 182, 68, 2022, '浙江', 607, 9362, 612, 36, 1);
INSERT INTO admission_score (id, university_id, major_id, year, province, min_score, min_rank, avg_score, plan_num, status) VALUES (1088, 182, 15, 2022, '四川', 665, 3589, 670, 20, 1);
INSERT INTO admission_score (id, university_id, major_id, year, province, min_score, min_rank, avg_score, plan_num, status) VALUES (1089, 182, 72, 2022, '河南', 604, 9615, 609, 26, 1);
INSERT INTO admission_score (id, university_id, major_id, year, province, min_score, min_rank, avg_score, plan_num, status) VALUES (1090, 182, 104, 2023, '山东', 625, 7594, 630, 48, 1);
INSERT INTO admission_score (id, university_id, major_id, year, province, min_score, min_rank, avg_score, plan_num, status) VALUES (1091, 182, 17, 2023, '浙江', 667, 3313, 672, 11, 1);
INSERT INTO admission_score (id, university_id, major_id, year, province, min_score, min_rank, avg_score, plan_num, status) VALUES (1092, 182, 7, 2023, '四川', 642, 5883, 647, 35, 1);
INSERT INTO admission_score (id, university_id, major_id, year, province, min_score, min_rank, avg_score, plan_num, status) VALUES (1093, 183, 103, 2022, '北京', 605, 9532, 610, 43, 1);
INSERT INTO admission_score (id, university_id, major_id, year, province, min_score, min_rank, avg_score, plan_num, status) VALUES (1094, 183, 63, 2022, '浙江', 566, 13417, 571, 50, 1);
INSERT INTO admission_score (id, university_id, major_id, year, province, min_score, min_rank, avg_score, plan_num, status) VALUES (1095, 183, 61, 2022, '江苏', 607, 9307, 612, 44, 1);
INSERT INTO admission_score (id, university_id, major_id, year, province, min_score, min_rank, avg_score, plan_num, status) VALUES (1096, 183, 81, 2023, '北京', 552, 14890, 557, 24, 1);
INSERT INTO admission_score (id, university_id, major_id, year, province, min_score, min_rank, avg_score, plan_num, status) VALUES (1097, 183, 94, 2023, '河南', 636, 6425, 641, 42, 1);
INSERT INTO admission_score (id, university_id, major_id, year, province, min_score, min_rank, avg_score, plan_num, status) VALUES (1098, 183, 6, 2023, '湖北', 563, 13796, 568, 23, 1);
INSERT INTO admission_score (id, university_id, major_id, year, province, min_score, min_rank, avg_score, plan_num, status) VALUES (1099, 184, 48, 2022, '江苏', 613, 8724, 618, 42, 1);
INSERT INTO admission_score (id, university_id, major_id, year, province, min_score, min_rank, avg_score, plan_num, status) VALUES (1100, 184, 88, 2022, '湖北', 636, 6422, 641, 32, 1);
INSERT INTO admission_score (id, university_id, major_id, year, province, min_score, min_rank, avg_score, plan_num, status) VALUES (1101, 184, 85, 2022, '四川', 668, 3289, 673, 34, 1);
INSERT INTO admission_score (id, university_id, major_id, year, province, min_score, min_rank, avg_score, plan_num, status) VALUES (1102, 184, 32, 2023, '江苏', 633, 6788, 638, 47, 1);
INSERT INTO admission_score (id, university_id, major_id, year, province, min_score, min_rank, avg_score, plan_num, status) VALUES (1103, 184, 110, 2023, '浙江', 564, 13609, 569, 14, 1);
INSERT INTO admission_score (id, university_id, major_id, year, province, min_score, min_rank, avg_score, plan_num, status) VALUES (1104, 184, 80, 2023, '北京', 587, 11367, 592, 22, 1);
INSERT INTO admission_score (id, university_id, major_id, year, province, min_score, min_rank, avg_score, plan_num, status) VALUES (1105, 185, 101, 2022, '北京', 628, 7257, 633, 26, 1);
INSERT INTO admission_score (id, university_id, major_id, year, province, min_score, min_rank, avg_score, plan_num, status) VALUES (1106, 185, 6, 2022, '四川', 618, 8300, 623, 17, 1);
INSERT INTO admission_score (id, university_id, major_id, year, province, min_score, min_rank, avg_score, plan_num, status) VALUES (1107, 185, 3, 2022, '广东', 633, 6732, 638, 36, 1);
INSERT INTO admission_score (id, university_id, major_id, year, province, min_score, min_rank, avg_score, plan_num, status) VALUES (1108, 185, 103, 2023, '山东', 590, 11055, 595, 34, 1);
INSERT INTO admission_score (id, university_id, major_id, year, province, min_score, min_rank, avg_score, plan_num, status) VALUES (1109, 185, 74, 2023, '湖北', 575, 12564, 580, 47, 1);
INSERT INTO admission_score (id, university_id, major_id, year, province, min_score, min_rank, avg_score, plan_num, status) VALUES (1110, 185, 100, 2023, '浙江', 633, 6768, 638, 47, 1);
INSERT INTO admission_score (id, university_id, major_id, year, province, min_score, min_rank, avg_score, plan_num, status) VALUES (1111, 186, 37, 2022, '江苏', 609, 9197, 614, 13, 1);
INSERT INTO admission_score (id, university_id, major_id, year, province, min_score, min_rank, avg_score, plan_num, status) VALUES (1112, 186, 87, 2022, '北京', 555, 14529, 560, 45, 1);
INSERT INTO admission_score (id, university_id, major_id, year, province, min_score, min_rank, avg_score, plan_num, status) VALUES (1113, 186, 36, 2022, '广东', 673, 2761, 678, 12, 1);
INSERT INTO admission_score (id, university_id, major_id, year, province, min_score, min_rank, avg_score, plan_num, status) VALUES (1114, 186, 4, 2023, '湖北', 604, 9626, 609, 13, 1);
INSERT INTO admission_score (id, university_id, major_id, year, province, min_score, min_rank, avg_score, plan_num, status) VALUES (1115, 186, 107, 2023, '广东', 613, 8766, 618, 29, 1);
INSERT INTO admission_score (id, university_id, major_id, year, province, min_score, min_rank, avg_score, plan_num, status) VALUES (1116, 186, 101, 2023, '北京', 587, 11379, 592, 39, 1);
INSERT INTO admission_score (id, university_id, major_id, year, province, min_score, min_rank, avg_score, plan_num, status) VALUES (1117, 187, 10, 2022, '北京', 580, 12099, 585, 31, 1);
INSERT INTO admission_score (id, university_id, major_id, year, province, min_score, min_rank, avg_score, plan_num, status) VALUES (1118, 187, 42, 2022, '河南', 576, 12426, 581, 41, 1);
INSERT INTO admission_score (id, university_id, major_id, year, province, min_score, min_rank, avg_score, plan_num, status) VALUES (1119, 187, 57, 2022, '山东', 662, 3891, 667, 49, 1);
INSERT INTO admission_score (id, university_id, major_id, year, province, min_score, min_rank, avg_score, plan_num, status) VALUES (1120, 187, 74, 2023, '北京', 602, 9884, 607, 44, 1);
INSERT INTO admission_score (id, university_id, major_id, year, province, min_score, min_rank, avg_score, plan_num, status) VALUES (1121, 187, 78, 2023, '四川', 673, 2747, 678, 19, 1);
INSERT INTO admission_score (id, university_id, major_id, year, province, min_score, min_rank, avg_score, plan_num, status) VALUES (1122, 187, 10, 2023, '河南', 584, 11620, 589, 50, 1);
INSERT INTO admission_score (id, university_id, major_id, year, province, min_score, min_rank, avg_score, plan_num, status) VALUES (1123, 188, 23, 2022, '河南', 669, 3192, 674, 14, 1);
INSERT INTO admission_score (id, university_id, major_id, year, province, min_score, min_rank, avg_score, plan_num, status) VALUES (1124, 188, 57, 2022, '四川', 643, 5747, 648, 31, 1);
INSERT INTO admission_score (id, university_id, major_id, year, province, min_score, min_rank, avg_score, plan_num, status) VALUES (1125, 188, 79, 2022, '山东', 572, 12874, 577, 12, 1);
INSERT INTO admission_score (id, university_id, major_id, year, province, min_score, min_rank, avg_score, plan_num, status) VALUES (1126, 188, 43, 2023, '浙江', 664, 3695, 669, 45, 1);
INSERT INTO admission_score (id, university_id, major_id, year, province, min_score, min_rank, avg_score, plan_num, status) VALUES (1127, 188, 7, 2023, '湖北', 641, 5907, 646, 41, 1);
INSERT INTO admission_score (id, university_id, major_id, year, province, min_score, min_rank, avg_score, plan_num, status) VALUES (1128, 188, 52, 2023, '山东', 619, 8123, 624, 14, 1);
INSERT INTO admission_score (id, university_id, major_id, year, province, min_score, min_rank, avg_score, plan_num, status) VALUES (1129, 189, 43, 2022, '山东', 641, 5971, 646, 21, 1);
INSERT INTO admission_score (id, university_id, major_id, year, province, min_score, min_rank, avg_score, plan_num, status) VALUES (1130, 189, 34, 2022, '河南', 639, 6107, 644, 15, 1);
INSERT INTO admission_score (id, university_id, major_id, year, province, min_score, min_rank, avg_score, plan_num, status) VALUES (1131, 189, 52, 2022, '江苏', 628, 7250, 633, 21, 1);
INSERT INTO admission_score (id, university_id, major_id, year, province, min_score, min_rank, avg_score, plan_num, status) VALUES (1132, 189, 15, 2023, '北京', 582, 11874, 587, 11, 1);
INSERT INTO admission_score (id, university_id, major_id, year, province, min_score, min_rank, avg_score, plan_num, status) VALUES (1133, 189, 46, 2023, '广东', 643, 5723, 648, 45, 1);
INSERT INTO admission_score (id, university_id, major_id, year, province, min_score, min_rank, avg_score, plan_num, status) VALUES (1134, 189, 35, 2023, '四川', 662, 3847, 667, 14, 1);
INSERT INTO admission_score (id, university_id, major_id, year, province, min_score, min_rank, avg_score, plan_num, status) VALUES (1135, 190, 53, 2022, '浙江', 556, 14473, 561, 19, 1);
INSERT INTO admission_score (id, university_id, major_id, year, province, min_score, min_rank, avg_score, plan_num, status) VALUES (1136, 190, 92, 2022, '江苏', 593, 10703, 598, 50, 1);
INSERT INTO admission_score (id, university_id, major_id, year, province, min_score, min_rank, avg_score, plan_num, status) VALUES (1137, 190, 79, 2022, '四川', 612, 8831, 617, 33, 1);
INSERT INTO admission_score (id, university_id, major_id, year, province, min_score, min_rank, avg_score, plan_num, status) VALUES (1138, 190, 79, 2023, '四川', 662, 3879, 667, 37, 1);
INSERT INTO admission_score (id, university_id, major_id, year, province, min_score, min_rank, avg_score, plan_num, status) VALUES (1139, 190, 15, 2023, '河南', 608, 9299, 613, 47, 1);
INSERT INTO admission_score (id, university_id, major_id, year, province, min_score, min_rank, avg_score, plan_num, status) VALUES (1140, 190, 82, 2023, '北京', 574, 12611, 579, 24, 1);
INSERT INTO admission_score (id, university_id, major_id, year, province, min_score, min_rank, avg_score, plan_num, status) VALUES (1141, 191, 39, 2022, '四川', 620, 8069, 625, 28, 1);
INSERT INTO admission_score (id, university_id, major_id, year, province, min_score, min_rank, avg_score, plan_num, status) VALUES (1142, 191, 70, 2022, '广东', 618, 8269, 623, 12, 1);
INSERT INTO admission_score (id, university_id, major_id, year, province, min_score, min_rank, avg_score, plan_num, status) VALUES (1143, 191, 50, 2022, '江苏', 656, 4472, 661, 15, 1);
INSERT INTO admission_score (id, university_id, major_id, year, province, min_score, min_rank, avg_score, plan_num, status) VALUES (1144, 191, 60, 2023, '河南', 663, 3743, 668, 24, 1);
INSERT INTO admission_score (id, university_id, major_id, year, province, min_score, min_rank, avg_score, plan_num, status) VALUES (1145, 191, 18, 2023, '四川', 667, 3345, 672, 38, 1);
INSERT INTO admission_score (id, university_id, major_id, year, province, min_score, min_rank, avg_score, plan_num, status) VALUES (1146, 191, 66, 2023, '湖北', 581, 11974, 586, 41, 1);
INSERT INTO admission_score (id, university_id, major_id, year, province, min_score, min_rank, avg_score, plan_num, status) VALUES (1147, 192, 80, 2022, '河南', 673, 2760, 678, 45, 1);
INSERT INTO admission_score (id, university_id, major_id, year, province, min_score, min_rank, avg_score, plan_num, status) VALUES (1148, 192, 92, 2022, '四川', 644, 5683, 649, 44, 1);
INSERT INTO admission_score (id, university_id, major_id, year, province, min_score, min_rank, avg_score, plan_num, status) VALUES (1149, 192, 48, 2022, '江苏', 657, 4378, 662, 42, 1);
INSERT INTO admission_score (id, university_id, major_id, year, province, min_score, min_rank, avg_score, plan_num, status) VALUES (1150, 192, 10, 2023, '河南', 620, 8058, 625, 49, 1);
INSERT INTO admission_score (id, university_id, major_id, year, province, min_score, min_rank, avg_score, plan_num, status) VALUES (1151, 192, 71, 2023, '浙江', 561, 13995, 566, 41, 1);
INSERT INTO admission_score (id, university_id, major_id, year, province, min_score, min_rank, avg_score, plan_num, status) VALUES (1152, 192, 10, 2023, '山东', 568, 13271, 573, 41, 1);
INSERT INTO admission_score (id, university_id, major_id, year, province, min_score, min_rank, avg_score, plan_num, status) VALUES (1153, 193, 14, 2022, '广东', 675, 2555, 680, 22, 1);
INSERT INTO admission_score (id, university_id, major_id, year, province, min_score, min_rank, avg_score, plan_num, status) VALUES (1154, 193, 103, 2022, '浙江', 570, 13083, 575, 18, 1);
INSERT INTO admission_score (id, university_id, major_id, year, province, min_score, min_rank, avg_score, plan_num, status) VALUES (1155, 193, 108, 2022, '江苏', 602, 9884, 607, 50, 1);
INSERT INTO admission_score (id, university_id, major_id, year, province, min_score, min_rank, avg_score, plan_num, status) VALUES (1156, 193, 66, 2023, '北京', 580, 12067, 585, 21, 1);
INSERT INTO admission_score (id, university_id, major_id, year, province, min_score, min_rank, avg_score, plan_num, status) VALUES (1157, 193, 55, 2023, '江苏', 670, 3075, 675, 28, 1);
INSERT INTO admission_score (id, university_id, major_id, year, province, min_score, min_rank, avg_score, plan_num, status) VALUES (1158, 193, 43, 2023, '广东', 660, 4096, 665, 44, 1);
INSERT INTO admission_score (id, university_id, major_id, year, province, min_score, min_rank, avg_score, plan_num, status) VALUES (1159, 194, 72, 2022, '江苏', 584, 11612, 589, 48, 1);
INSERT INTO admission_score (id, university_id, major_id, year, province, min_score, min_rank, avg_score, plan_num, status) VALUES (1160, 194, 94, 2022, '北京', 575, 12580, 580, 23, 1);
INSERT INTO admission_score (id, university_id, major_id, year, province, min_score, min_rank, avg_score, plan_num, status) VALUES (1161, 194, 75, 2022, '湖北', 657, 4393, 662, 44, 1);
INSERT INTO admission_score (id, university_id, major_id, year, province, min_score, min_rank, avg_score, plan_num, status) VALUES (1162, 194, 76, 2023, '北京', 584, 11626, 589, 29, 1);
INSERT INTO admission_score (id, university_id, major_id, year, province, min_score, min_rank, avg_score, plan_num, status) VALUES (1163, 194, 32, 2023, '河南', 649, 5152, 654, 39, 1);
INSERT INTO admission_score (id, university_id, major_id, year, province, min_score, min_rank, avg_score, plan_num, status) VALUES (1164, 194, 4, 2023, '湖北', 600, 10009, 605, 44, 1);
INSERT INTO admission_score (id, university_id, major_id, year, province, min_score, min_rank, avg_score, plan_num, status) VALUES (1165, 195, 34, 2022, '北京', 670, 3067, 675, 11, 1);
INSERT INTO admission_score (id, university_id, major_id, year, province, min_score, min_rank, avg_score, plan_num, status) VALUES (1166, 195, 98, 2022, '浙江', 652, 4892, 657, 13, 1);
INSERT INTO admission_score (id, university_id, major_id, year, province, min_score, min_rank, avg_score, plan_num, status) VALUES (1167, 195, 16, 2022, '湖北', 623, 7735, 628, 40, 1);
INSERT INTO admission_score (id, university_id, major_id, year, province, min_score, min_rank, avg_score, plan_num, status) VALUES (1168, 195, 74, 2023, '山东', 594, 10653, 599, 50, 1);
INSERT INTO admission_score (id, university_id, major_id, year, province, min_score, min_rank, avg_score, plan_num, status) VALUES (1169, 195, 79, 2023, '北京', 613, 8763, 618, 41, 1);
INSERT INTO admission_score (id, university_id, major_id, year, province, min_score, min_rank, avg_score, plan_num, status) VALUES (1170, 195, 70, 2023, '江苏', 581, 11958, 586, 27, 1);
INSERT INTO admission_score (id, university_id, major_id, year, province, min_score, min_rank, avg_score, plan_num, status) VALUES (1171, 196, 75, 2022, '北京', 574, 12627, 579, 48, 1);
INSERT INTO admission_score (id, university_id, major_id, year, province, min_score, min_rank, avg_score, plan_num, status) VALUES (1172, 196, 59, 2022, '浙江', 575, 12557, 580, 22, 1);
INSERT INTO admission_score (id, university_id, major_id, year, province, min_score, min_rank, avg_score, plan_num, status) VALUES (1173, 196, 46, 2022, '山东', 559, 14179, 564, 50, 1);
INSERT INTO admission_score (id, university_id, major_id, year, province, min_score, min_rank, avg_score, plan_num, status) VALUES (1174, 196, 72, 2023, '广东', 668, 3228, 673, 12, 1);
INSERT INTO admission_score (id, university_id, major_id, year, province, min_score, min_rank, avg_score, plan_num, status) VALUES (1175, 196, 28, 2023, '浙江', 657, 4363, 662, 29, 1);
INSERT INTO admission_score (id, university_id, major_id, year, province, min_score, min_rank, avg_score, plan_num, status) VALUES (1176, 196, 99, 2023, '山东', 653, 4701, 658, 13, 1);
INSERT INTO admission_score (id, university_id, major_id, year, province, min_score, min_rank, avg_score, plan_num, status) VALUES (1177, 197, 39, 2022, '浙江', 648, 5277, 653, 17, 1);
INSERT INTO admission_score (id, university_id, major_id, year, province, min_score, min_rank, avg_score, plan_num, status) VALUES (1178, 197, 93, 2022, '北京', 592, 10859, 597, 11, 1);
INSERT INTO admission_score (id, university_id, major_id, year, province, min_score, min_rank, avg_score, plan_num, status) VALUES (1179, 197, 67, 2022, '四川', 583, 11709, 588, 42, 1);
INSERT INTO admission_score (id, university_id, major_id, year, province, min_score, min_rank, avg_score, plan_num, status) VALUES (1180, 197, 18, 2023, '四川', 671, 2996, 676, 40, 1);
INSERT INTO admission_score (id, university_id, major_id, year, province, min_score, min_rank, avg_score, plan_num, status) VALUES (1181, 197, 72, 2023, '江苏', 647, 5311, 652, 46, 1);
INSERT INTO admission_score (id, university_id, major_id, year, province, min_score, min_rank, avg_score, plan_num, status) VALUES (1182, 197, 90, 2023, '湖北', 669, 3128, 674, 31, 1);
INSERT INTO admission_score (id, university_id, major_id, year, province, min_score, min_rank, avg_score, plan_num, status) VALUES (1183, 198, 13, 2022, '浙江', 552, 14802, 557, 41, 1);
INSERT INTO admission_score (id, university_id, major_id, year, province, min_score, min_rank, avg_score, plan_num, status) VALUES (1184, 198, 59, 2022, '北京', 602, 9836, 607, 17, 1);
INSERT INTO admission_score (id, university_id, major_id, year, province, min_score, min_rank, avg_score, plan_num, status) VALUES (1185, 198, 93, 2022, '河南', 581, 11903, 586, 19, 1);
INSERT INTO admission_score (id, university_id, major_id, year, province, min_score, min_rank, avg_score, plan_num, status) VALUES (1186, 198, 106, 2023, '江苏', 654, 4658, 659, 24, 1);
INSERT INTO admission_score (id, university_id, major_id, year, province, min_score, min_rank, avg_score, plan_num, status) VALUES (1187, 198, 59, 2023, '四川', 652, 4812, 657, 36, 1);
INSERT INTO admission_score (id, university_id, major_id, year, province, min_score, min_rank, avg_score, plan_num, status) VALUES (1188, 198, 7, 2023, '浙江', 640, 6014, 645, 25, 1);
INSERT INTO admission_score (id, university_id, major_id, year, province, min_score, min_rank, avg_score, plan_num, status) VALUES (1189, 199, 1, 2022, '浙江', 558, 14204, 563, 28, 1);
INSERT INTO admission_score (id, university_id, major_id, year, province, min_score, min_rank, avg_score, plan_num, status) VALUES (1190, 199, 103, 2022, '北京', 570, 13097, 575, 13, 1);
INSERT INTO admission_score (id, university_id, major_id, year, province, min_score, min_rank, avg_score, plan_num, status) VALUES (1191, 199, 79, 2022, '湖北', 586, 11481, 591, 31, 1);
INSERT INTO admission_score (id, university_id, major_id, year, province, min_score, min_rank, avg_score, plan_num, status) VALUES (1192, 199, 40, 2023, '浙江', 550, 15091, 555, 18, 1);
INSERT INTO admission_score (id, university_id, major_id, year, province, min_score, min_rank, avg_score, plan_num, status) VALUES (1193, 199, 28, 2023, '湖北', 665, 3574, 670, 44, 1);
INSERT INTO admission_score (id, university_id, major_id, year, province, min_score, min_rank, avg_score, plan_num, status) VALUES (1194, 199, 15, 2023, '江苏', 564, 13607, 569, 23, 1);
INSERT INTO admission_score (id, university_id, major_id, year, province, min_score, min_rank, avg_score, plan_num, status) VALUES (1195, 200, 40, 2022, '河南', 649, 5109, 654, 20, 1);
INSERT INTO admission_score (id, university_id, major_id, year, province, min_score, min_rank, avg_score, plan_num, status) VALUES (1196, 200, 65, 2022, '江苏', 567, 13347, 572, 18, 1);
INSERT INTO admission_score (id, university_id, major_id, year, province, min_score, min_rank, avg_score, plan_num, status) VALUES (1197, 200, 102, 2022, '四川', 666, 3437, 671, 44, 1);
INSERT INTO admission_score (id, university_id, major_id, year, province, min_score, min_rank, avg_score, plan_num, status) VALUES (1198, 200, 83, 2023, '浙江', 665, 3548, 670, 23, 1);
INSERT INTO admission_score (id, university_id, major_id, year, province, min_score, min_rank, avg_score, plan_num, status) VALUES (1199, 200, 15, 2023, '河南', 657, 4337, 662, 40, 1);
INSERT INTO admission_score (id, university_id, major_id, year, province, min_score, min_rank, avg_score, plan_num, status) VALUES (1200, 200, 108, 2023, '四川', 658, 4223, 663, 37, 1);
INSERT INTO admission_score (id, university_id, major_id, year, province, min_score, min_rank, avg_score, plan_num, status) VALUES (1201, 201, 41, 2022, '北京', 657, 4328, 662, 20, 1);
INSERT INTO admission_score (id, university_id, major_id, year, province, min_score, min_rank, avg_score, plan_num, status) VALUES (1202, 201, 58, 2022, '广东', 552, 14837, 557, 31, 1);
INSERT INTO admission_score (id, university_id, major_id, year, province, min_score, min_rank, avg_score, plan_num, status) VALUES (1203, 201, 93, 2022, '江苏', 584, 11653, 589, 10, 1);
INSERT INTO admission_score (id, university_id, major_id, year, province, min_score, min_rank, avg_score, plan_num, status) VALUES (1204, 201, 59, 2023, '江苏', 627, 7326, 632, 18, 1);
INSERT INTO admission_score (id, university_id, major_id, year, province, min_score, min_rank, avg_score, plan_num, status) VALUES (1205, 201, 9, 2023, '河南', 631, 6998, 636, 21, 1);
INSERT INTO admission_score (id, university_id, major_id, year, province, min_score, min_rank, avg_score, plan_num, status) VALUES (1206, 201, 43, 2023, '北京', 664, 3611, 669, 37, 1);
INSERT INTO admission_score (id, university_id, major_id, year, province, min_score, min_rank, avg_score, plan_num, status) VALUES (1207, 202, 101, 2022, '山东', 575, 12547, 580, 14, 1);
INSERT INTO admission_score (id, university_id, major_id, year, province, min_score, min_rank, avg_score, plan_num, status) VALUES (1208, 202, 16, 2022, '河南', 604, 9652, 609, 18, 1);
INSERT INTO admission_score (id, university_id, major_id, year, province, min_score, min_rank, avg_score, plan_num, status) VALUES (1209, 202, 11, 2022, '湖北', 640, 6042, 645, 30, 1);
INSERT INTO admission_score (id, university_id, major_id, year, province, min_score, min_rank, avg_score, plan_num, status) VALUES (1210, 202, 24, 2023, '江苏', 666, 3464, 671, 30, 1);
INSERT INTO admission_score (id, university_id, major_id, year, province, min_score, min_rank, avg_score, plan_num, status) VALUES (1211, 202, 37, 2023, '广东', 661, 3956, 666, 22, 1);
INSERT INTO admission_score (id, university_id, major_id, year, province, min_score, min_rank, avg_score, plan_num, status) VALUES (1212, 202, 65, 2023, '湖北', 666, 3461, 671, 14, 1);
INSERT INTO admission_score (id, university_id, major_id, year, province, min_score, min_rank, avg_score, plan_num, status) VALUES (1213, 203, 81, 2022, '江苏', 663, 3746, 668, 28, 1);
INSERT INTO admission_score (id, university_id, major_id, year, province, min_score, min_rank, avg_score, plan_num, status) VALUES (1214, 203, 73, 2022, '浙江', 556, 14474, 561, 40, 1);
INSERT INTO admission_score (id, university_id, major_id, year, province, min_score, min_rank, avg_score, plan_num, status) VALUES (1215, 203, 94, 2022, '湖北', 649, 5148, 654, 17, 1);
INSERT INTO admission_score (id, university_id, major_id, year, province, min_score, min_rank, avg_score, plan_num, status) VALUES (1216, 203, 41, 2023, '浙江', 584, 11601, 589, 41, 1);
INSERT INTO admission_score (id, university_id, major_id, year, province, min_score, min_rank, avg_score, plan_num, status) VALUES (1217, 203, 109, 2023, '江苏', 667, 3347, 672, 21, 1);
INSERT INTO admission_score (id, university_id, major_id, year, province, min_score, min_rank, avg_score, plan_num, status) VALUES (1218, 203, 24, 2023, '北京', 590, 11030, 595, 39, 1);
INSERT INTO admission_score (id, university_id, major_id, year, province, min_score, min_rank, avg_score, plan_num, status) VALUES (1219, 204, 22, 2022, '浙江', 592, 10829, 597, 46, 1);
INSERT INTO admission_score (id, university_id, major_id, year, province, min_score, min_rank, avg_score, plan_num, status) VALUES (1220, 204, 80, 2022, '湖北', 627, 7359, 632, 28, 1);
INSERT INTO admission_score (id, university_id, major_id, year, province, min_score, min_rank, avg_score, plan_num, status) VALUES (1221, 204, 105, 2022, '江苏', 609, 9171, 614, 45, 1);
INSERT INTO admission_score (id, university_id, major_id, year, province, min_score, min_rank, avg_score, plan_num, status) VALUES (1222, 204, 69, 2023, '北京', 574, 12639, 579, 41, 1);
INSERT INTO admission_score (id, university_id, major_id, year, province, min_score, min_rank, avg_score, plan_num, status) VALUES (1223, 204, 6, 2023, '四川', 646, 5425, 651, 12, 1);
INSERT INTO admission_score (id, university_id, major_id, year, province, min_score, min_rank, avg_score, plan_num, status) VALUES (1224, 204, 89, 2023, '山东', 558, 14202, 563, 43, 1);
INSERT INTO admission_score (id, university_id, major_id, year, province, min_score, min_rank, avg_score, plan_num, status) VALUES (1225, 205, 81, 2022, '浙江', 630, 7028, 635, 49, 1);
INSERT INTO admission_score (id, university_id, major_id, year, province, min_score, min_rank, avg_score, plan_num, status) VALUES (1226, 205, 62, 2022, '河南', 583, 11748, 588, 49, 1);
INSERT INTO admission_score (id, university_id, major_id, year, province, min_score, min_rank, avg_score, plan_num, status) VALUES (1227, 205, 57, 2022, '江苏', 594, 10667, 599, 19, 1);
INSERT INTO admission_score (id, university_id, major_id, year, province, min_score, min_rank, avg_score, plan_num, status) VALUES (1228, 205, 34, 2023, '河南', 678, 2269, 683, 46, 1);
INSERT INTO admission_score (id, university_id, major_id, year, province, min_score, min_rank, avg_score, plan_num, status) VALUES (1229, 205, 13, 2023, '浙江', 626, 7464, 631, 21, 1);
INSERT INTO admission_score (id, university_id, major_id, year, province, min_score, min_rank, avg_score, plan_num, status) VALUES (1230, 205, 58, 2023, '北京', 577, 12304, 582, 44, 1);
INSERT INTO admission_score (id, university_id, major_id, year, province, min_score, min_rank, avg_score, plan_num, status) VALUES (1231, 206, 60, 2022, '四川', 572, 12889, 577, 45, 1);
INSERT INTO admission_score (id, university_id, major_id, year, province, min_score, min_rank, avg_score, plan_num, status) VALUES (1232, 206, 14, 2022, '山东', 583, 11710, 588, 21, 1);
INSERT INTO admission_score (id, university_id, major_id, year, province, min_score, min_rank, avg_score, plan_num, status) VALUES (1233, 206, 59, 2022, '北京', 593, 10706, 598, 48, 1);
INSERT INTO admission_score (id, university_id, major_id, year, province, min_score, min_rank, avg_score, plan_num, status) VALUES (1234, 206, 43, 2023, '山东', 636, 6494, 641, 50, 1);
INSERT INTO admission_score (id, university_id, major_id, year, province, min_score, min_rank, avg_score, plan_num, status) VALUES (1235, 206, 53, 2023, '四川', 593, 10717, 598, 32, 1);
INSERT INTO admission_score (id, university_id, major_id, year, province, min_score, min_rank, avg_score, plan_num, status) VALUES (1236, 206, 81, 2023, '浙江', 636, 6428, 641, 45, 1);
INSERT INTO admission_score (id, university_id, major_id, year, province, min_score, min_rank, avg_score, plan_num, status) VALUES (1237, 207, 73, 2022, '山东', 566, 13472, 571, 35, 1);
INSERT INTO admission_score (id, university_id, major_id, year, province, min_score, min_rank, avg_score, plan_num, status) VALUES (1238, 207, 101, 2022, '浙江', 673, 2756, 678, 13, 1);
INSERT INTO admission_score (id, university_id, major_id, year, province, min_score, min_rank, avg_score, plan_num, status) VALUES (1239, 207, 68, 2022, '北京', 657, 4313, 662, 14, 1);
INSERT INTO admission_score (id, university_id, major_id, year, province, min_score, min_rank, avg_score, plan_num, status) VALUES (1240, 207, 10, 2023, '湖北', 639, 6108, 644, 50, 1);
INSERT INTO admission_score (id, university_id, major_id, year, province, min_score, min_rank, avg_score, plan_num, status) VALUES (1241, 207, 28, 2023, '山东', 614, 8606, 619, 42, 1);
INSERT INTO admission_score (id, university_id, major_id, year, province, min_score, min_rank, avg_score, plan_num, status) VALUES (1242, 207, 46, 2023, '广东', 578, 12265, 583, 29, 1);
INSERT INTO admission_score (id, university_id, major_id, year, province, min_score, min_rank, avg_score, plan_num, status) VALUES (1243, 208, 80, 2022, '湖北', 680, 2037, 685, 37, 1);
INSERT INTO admission_score (id, university_id, major_id, year, province, min_score, min_rank, avg_score, plan_num, status) VALUES (1244, 208, 45, 2022, '山东', 675, 2549, 680, 40, 1);
INSERT INTO admission_score (id, university_id, major_id, year, province, min_score, min_rank, avg_score, plan_num, status) VALUES (1245, 208, 51, 2022, '广东', 595, 10520, 600, 28, 1);
INSERT INTO admission_score (id, university_id, major_id, year, province, min_score, min_rank, avg_score, plan_num, status) VALUES (1246, 208, 82, 2023, '四川', 587, 11379, 592, 26, 1);
INSERT INTO admission_score (id, university_id, major_id, year, province, min_score, min_rank, avg_score, plan_num, status) VALUES (1247, 208, 41, 2023, '河南', 672, 2900, 677, 44, 1);
INSERT INTO admission_score (id, university_id, major_id, year, province, min_score, min_rank, avg_score, plan_num, status) VALUES (1248, 208, 77, 2023, '山东', 556, 14442, 561, 24, 1);
INSERT INTO admission_score (id, university_id, major_id, year, province, min_score, min_rank, avg_score, plan_num, status) VALUES (1249, 209, 73, 2022, '浙江', 615, 8600, 620, 37, 1);
INSERT INTO admission_score (id, university_id, major_id, year, province, min_score, min_rank, avg_score, plan_num, status) VALUES (1250, 209, 10, 2022, '山东', 611, 8978, 616, 43, 1);
INSERT INTO admission_score (id, university_id, major_id, year, province, min_score, min_rank, avg_score, plan_num, status) VALUES (1251, 209, 6, 2022, '四川', 655, 4515, 660, 48, 1);
INSERT INTO admission_score (id, university_id, major_id, year, province, min_score, min_rank, avg_score, plan_num, status) VALUES (1252, 209, 24, 2023, '江苏', 641, 5973, 646, 45, 1);
INSERT INTO admission_score (id, university_id, major_id, year, province, min_score, min_rank, avg_score, plan_num, status) VALUES (1253, 209, 37, 2023, '广东', 639, 6137, 644, 22, 1);
INSERT INTO admission_score (id, university_id, major_id, year, province, min_score, min_rank, avg_score, plan_num, status) VALUES (1254, 209, 85, 2023, '山东', 648, 5233, 653, 21, 1);
INSERT INTO admission_score (id, university_id, major_id, year, province, min_score, min_rank, avg_score, plan_num, status) VALUES (1255, 210, 8, 2022, '湖北', 661, 3987, 666, 19, 1);
INSERT INTO admission_score (id, university_id, major_id, year, province, min_score, min_rank, avg_score, plan_num, status) VALUES (1256, 210, 58, 2022, '四川', 640, 6062, 645, 13, 1);
INSERT INTO admission_score (id, university_id, major_id, year, province, min_score, min_rank, avg_score, plan_num, status) VALUES (1257, 210, 22, 2022, '北京', 609, 9119, 614, 31, 1);
INSERT INTO admission_score (id, university_id, major_id, year, province, min_score, min_rank, avg_score, plan_num, status) VALUES (1258, 210, 71, 2023, '北京', 658, 4207, 663, 18, 1);
INSERT INTO admission_score (id, university_id, major_id, year, province, min_score, min_rank, avg_score, plan_num, status) VALUES (1259, 210, 4, 2023, '湖北', 604, 9694, 609, 33, 1);
INSERT INTO admission_score (id, university_id, major_id, year, province, min_score, min_rank, avg_score, plan_num, status) VALUES (1260, 210, 80, 2023, '四川', 675, 2509, 680, 22, 1);
INSERT INTO admission_score (id, university_id, major_id, year, province, min_score, min_rank, avg_score, plan_num, status) VALUES (1261, 211, 30, 2022, '山东', 622, 7842, 627, 20, 1);
INSERT INTO admission_score (id, university_id, major_id, year, province, min_score, min_rank, avg_score, plan_num, status) VALUES (1262, 211, 97, 2022, '河南', 604, 9608, 609, 12, 1);
INSERT INTO admission_score (id, university_id, major_id, year, province, min_score, min_rank, avg_score, plan_num, status) VALUES (1263, 211, 20, 2022, '江苏', 570, 13011, 575, 43, 1);
INSERT INTO admission_score (id, university_id, major_id, year, province, min_score, min_rank, avg_score, plan_num, status) VALUES (1264, 211, 50, 2023, '北京', 561, 13924, 566, 10, 1);
INSERT INTO admission_score (id, university_id, major_id, year, province, min_score, min_rank, avg_score, plan_num, status) VALUES (1265, 211, 90, 2023, '四川', 580, 12037, 585, 34, 1);
INSERT INTO admission_score (id, university_id, major_id, year, province, min_score, min_rank, avg_score, plan_num, status) VALUES (1266, 211, 34, 2023, '江苏', 618, 8273, 623, 47, 1);
INSERT INTO admission_score (id, university_id, major_id, year, province, min_score, min_rank, avg_score, plan_num, status) VALUES (1267, 212, 88, 2022, '江苏', 593, 10773, 598, 32, 1);
INSERT INTO admission_score (id, university_id, major_id, year, province, min_score, min_rank, avg_score, plan_num, status) VALUES (1268, 212, 19, 2022, '北京', 577, 12329, 582, 47, 1);
INSERT INTO admission_score (id, university_id, major_id, year, province, min_score, min_rank, avg_score, plan_num, status) VALUES (1269, 212, 10, 2022, '浙江', 592, 10848, 597, 22, 1);
INSERT INTO admission_score (id, university_id, major_id, year, province, min_score, min_rank, avg_score, plan_num, status) VALUES (1270, 212, 36, 2023, '湖北', 603, 9705, 608, 31, 1);
INSERT INTO admission_score (id, university_id, major_id, year, province, min_score, min_rank, avg_score, plan_num, status) VALUES (1271, 212, 17, 2023, '广东', 563, 13722, 568, 38, 1);
INSERT INTO admission_score (id, university_id, major_id, year, province, min_score, min_rank, avg_score, plan_num, status) VALUES (1272, 212, 44, 2023, '四川', 607, 9347, 612, 30, 1);
INSERT INTO admission_score (id, university_id, major_id, year, province, min_score, min_rank, avg_score, plan_num, status) VALUES (1273, 213, 14, 2022, '山东', 640, 6071, 645, 26, 1);
INSERT INTO admission_score (id, university_id, major_id, year, province, min_score, min_rank, avg_score, plan_num, status) VALUES (1274, 213, 68, 2022, '浙江', 627, 7305, 632, 19, 1);
INSERT INTO admission_score (id, university_id, major_id, year, province, min_score, min_rank, avg_score, plan_num, status) VALUES (1275, 213, 83, 2022, '江苏', 613, 8702, 618, 30, 1);
INSERT INTO admission_score (id, university_id, major_id, year, province, min_score, min_rank, avg_score, plan_num, status) VALUES (1276, 213, 11, 2023, '山东', 609, 9161, 614, 39, 1);
INSERT INTO admission_score (id, university_id, major_id, year, province, min_score, min_rank, avg_score, plan_num, status) VALUES (1277, 213, 34, 2023, '河南', 557, 14347, 562, 40, 1);
INSERT INTO admission_score (id, university_id, major_id, year, province, min_score, min_rank, avg_score, plan_num, status) VALUES (1278, 213, 48, 2023, '广东', 563, 13760, 568, 39, 1);
INSERT INTO admission_score (id, university_id, major_id, year, province, min_score, min_rank, avg_score, plan_num, status) VALUES (1279, 214, 13, 2022, '北京', 553, 14785, 558, 14, 1);
INSERT INTO admission_score (id, university_id, major_id, year, province, min_score, min_rank, avg_score, plan_num, status) VALUES (1280, 214, 107, 2022, '湖北', 555, 14526, 560, 45, 1);
INSERT INTO admission_score (id, university_id, major_id, year, province, min_score, min_rank, avg_score, plan_num, status) VALUES (1281, 214, 67, 2022, '浙江', 664, 3601, 669, 25, 1);
INSERT INTO admission_score (id, university_id, major_id, year, province, min_score, min_rank, avg_score, plan_num, status) VALUES (1282, 214, 106, 2023, '浙江', 667, 3321, 672, 35, 1);
INSERT INTO admission_score (id, university_id, major_id, year, province, min_score, min_rank, avg_score, plan_num, status) VALUES (1283, 214, 71, 2023, '河南', 554, 14627, 559, 14, 1);
INSERT INTO admission_score (id, university_id, major_id, year, province, min_score, min_rank, avg_score, plan_num, status) VALUES (1284, 214, 85, 2023, '四川', 574, 12677, 579, 14, 1);
INSERT INTO admission_score (id, university_id, major_id, year, province, min_score, min_rank, avg_score, plan_num, status) VALUES (1285, 215, 91, 2022, '北京', 561, 13963, 566, 24, 1);
INSERT INTO admission_score (id, university_id, major_id, year, province, min_score, min_rank, avg_score, plan_num, status) VALUES (1286, 215, 83, 2022, '广东', 660, 4100, 665, 25, 1);
INSERT INTO admission_score (id, university_id, major_id, year, province, min_score, min_rank, avg_score, plan_num, status) VALUES (1287, 215, 49, 2022, '浙江', 650, 5068, 655, 48, 1);
INSERT INTO admission_score (id, university_id, major_id, year, province, min_score, min_rank, avg_score, plan_num, status) VALUES (1288, 215, 55, 2023, '广东', 552, 14835, 557, 31, 1);
INSERT INTO admission_score (id, university_id, major_id, year, province, min_score, min_rank, avg_score, plan_num, status) VALUES (1289, 215, 59, 2023, '四川', 573, 12800, 578, 10, 1);
INSERT INTO admission_score (id, university_id, major_id, year, province, min_score, min_rank, avg_score, plan_num, status) VALUES (1290, 215, 106, 2023, '江苏', 624, 7615, 629, 47, 1);
INSERT INTO admission_score (id, university_id, major_id, year, province, min_score, min_rank, avg_score, plan_num, status) VALUES (1291, 216, 51, 2022, '湖北', 658, 4285, 663, 46, 1);
INSERT INTO admission_score (id, university_id, major_id, year, province, min_score, min_rank, avg_score, plan_num, status) VALUES (1292, 216, 65, 2022, '山东', 662, 3814, 667, 28, 1);
INSERT INTO admission_score (id, university_id, major_id, year, province, min_score, min_rank, avg_score, plan_num, status) VALUES (1293, 216, 34, 2022, '浙江', 664, 3614, 669, 29, 1);
INSERT INTO admission_score (id, university_id, major_id, year, province, min_score, min_rank, avg_score, plan_num, status) VALUES (1294, 216, 98, 2023, '湖北', 612, 8878, 617, 23, 1);
INSERT INTO admission_score (id, university_id, major_id, year, province, min_score, min_rank, avg_score, plan_num, status) VALUES (1295, 216, 91, 2023, '江苏', 666, 3461, 671, 35, 1);
INSERT INTO admission_score (id, university_id, major_id, year, province, min_score, min_rank, avg_score, plan_num, status) VALUES (1296, 216, 89, 2023, '山东', 577, 12307, 582, 40, 1);
INSERT INTO admission_score (id, university_id, major_id, year, province, min_score, min_rank, avg_score, plan_num, status) VALUES (1297, 217, 17, 2022, '浙江', 620, 8007, 625, 40, 1);
INSERT INTO admission_score (id, university_id, major_id, year, province, min_score, min_rank, avg_score, plan_num, status) VALUES (1298, 217, 89, 2022, '湖北', 609, 9129, 614, 35, 1);
INSERT INTO admission_score (id, university_id, major_id, year, province, min_score, min_rank, avg_score, plan_num, status) VALUES (1299, 217, 48, 2022, '河南', 596, 10459, 601, 16, 1);
INSERT INTO admission_score (id, university_id, major_id, year, province, min_score, min_rank, avg_score, plan_num, status) VALUES (1300, 217, 93, 2023, '广东', 653, 4723, 658, 14, 1);
INSERT INTO admission_score (id, university_id, major_id, year, province, min_score, min_rank, avg_score, plan_num, status) VALUES (1301, 217, 91, 2023, '江苏', 609, 9153, 614, 11, 1);
INSERT INTO admission_score (id, university_id, major_id, year, province, min_score, min_rank, avg_score, plan_num, status) VALUES (1302, 217, 97, 2023, '四川', 647, 5360, 652, 28, 1);
INSERT INTO admission_score (id, university_id, major_id, year, province, min_score, min_rank, avg_score, plan_num, status) VALUES (1303, 218, 40, 2022, '浙江', 677, 2366, 682, 20, 1);
INSERT INTO admission_score (id, university_id, major_id, year, province, min_score, min_rank, avg_score, plan_num, status) VALUES (1304, 218, 62, 2022, '江苏', 569, 13161, 574, 40, 1);
INSERT INTO admission_score (id, university_id, major_id, year, province, min_score, min_rank, avg_score, plan_num, status) VALUES (1305, 218, 103, 2022, '山东', 677, 2334, 682, 25, 1);
INSERT INTO admission_score (id, university_id, major_id, year, province, min_score, min_rank, avg_score, plan_num, status) VALUES (1306, 218, 14, 2023, '山东', 629, 7120, 634, 42, 1);
INSERT INTO admission_score (id, university_id, major_id, year, province, min_score, min_rank, avg_score, plan_num, status) VALUES (1307, 218, 78, 2023, '北京', 560, 14048, 565, 41, 1);
INSERT INTO admission_score (id, university_id, major_id, year, province, min_score, min_rank, avg_score, plan_num, status) VALUES (1308, 218, 94, 2023, '浙江', 612, 8857, 617, 49, 1);
INSERT INTO admission_score (id, university_id, major_id, year, province, min_score, min_rank, avg_score, plan_num, status) VALUES (1309, 219, 52, 2022, '山东', 555, 14594, 560, 10, 1);
INSERT INTO admission_score (id, university_id, major_id, year, province, min_score, min_rank, avg_score, plan_num, status) VALUES (1310, 219, 76, 2022, '北京', 653, 4737, 658, 19, 1);
INSERT INTO admission_score (id, university_id, major_id, year, province, min_score, min_rank, avg_score, plan_num, status) VALUES (1311, 219, 7, 2022, '河南', 579, 12116, 584, 17, 1);
INSERT INTO admission_score (id, university_id, major_id, year, province, min_score, min_rank, avg_score, plan_num, status) VALUES (1312, 219, 31, 2023, '浙江', 554, 14691, 559, 28, 1);
INSERT INTO admission_score (id, university_id, major_id, year, province, min_score, min_rank, avg_score, plan_num, status) VALUES (1313, 219, 64, 2023, '北京', 572, 12808, 577, 41, 1);
INSERT INTO admission_score (id, university_id, major_id, year, province, min_score, min_rank, avg_score, plan_num, status) VALUES (1314, 219, 5, 2023, '湖北', 569, 13162, 574, 42, 1);
INSERT INTO admission_score (id, university_id, major_id, year, province, min_score, min_rank, avg_score, plan_num, status) VALUES (1315, 220, 29, 2022, '广东', 576, 12456, 581, 45, 1);
INSERT INTO admission_score (id, university_id, major_id, year, province, min_score, min_rank, avg_score, plan_num, status) VALUES (1316, 220, 54, 2022, '四川', 680, 2086, 685, 13, 1);
INSERT INTO admission_score (id, university_id, major_id, year, province, min_score, min_rank, avg_score, plan_num, status) VALUES (1317, 220, 58, 2022, '浙江', 647, 5385, 652, 21, 1);
INSERT INTO admission_score (id, university_id, major_id, year, province, min_score, min_rank, avg_score, plan_num, status) VALUES (1318, 220, 54, 2023, '湖北', 637, 6358, 642, 28, 1);
INSERT INTO admission_score (id, university_id, major_id, year, province, min_score, min_rank, avg_score, plan_num, status) VALUES (1319, 220, 32, 2023, '浙江', 660, 4035, 665, 30, 1);
INSERT INTO admission_score (id, university_id, major_id, year, province, min_score, min_rank, avg_score, plan_num, status) VALUES (1320, 220, 110, 2023, '江苏', 577, 12317, 582, 43, 1);
INSERT INTO admission_score (id, university_id, major_id, year, province, min_score, min_rank, avg_score, plan_num, status) VALUES (1321, 221, 16, 2022, '四川', 638, 6207, 643, 41, 1);
INSERT INTO admission_score (id, university_id, major_id, year, province, min_score, min_rank, avg_score, plan_num, status) VALUES (1322, 221, 83, 2022, '广东', 563, 13724, 568, 30, 1);
INSERT INTO admission_score (id, university_id, major_id, year, province, min_score, min_rank, avg_score, plan_num, status) VALUES (1323, 221, 80, 2022, '北京', 611, 8926, 616, 31, 1);
INSERT INTO admission_score (id, university_id, major_id, year, province, min_score, min_rank, avg_score, plan_num, status) VALUES (1324, 221, 85, 2023, '湖北', 672, 2837, 677, 49, 1);
INSERT INTO admission_score (id, university_id, major_id, year, province, min_score, min_rank, avg_score, plan_num, status) VALUES (1325, 221, 97, 2023, '浙江', 649, 5175, 654, 39, 1);
INSERT INTO admission_score (id, university_id, major_id, year, province, min_score, min_rank, avg_score, plan_num, status) VALUES (1326, 221, 20, 2023, '北京', 676, 2454, 681, 25, 1);
INSERT INTO admission_score (id, university_id, major_id, year, province, min_score, min_rank, avg_score, plan_num, status) VALUES (1327, 222, 82, 2022, '浙江', 609, 9187, 614, 27, 1);
INSERT INTO admission_score (id, university_id, major_id, year, province, min_score, min_rank, avg_score, plan_num, status) VALUES (1328, 222, 54, 2022, '广东', 619, 8187, 624, 41, 1);
INSERT INTO admission_score (id, university_id, major_id, year, province, min_score, min_rank, avg_score, plan_num, status) VALUES (1329, 222, 24, 2022, '北京', 670, 3052, 675, 32, 1);
INSERT INTO admission_score (id, university_id, major_id, year, province, min_score, min_rank, avg_score, plan_num, status) VALUES (1330, 222, 25, 2023, '河南', 671, 2961, 676, 36, 1);
INSERT INTO admission_score (id, university_id, major_id, year, province, min_score, min_rank, avg_score, plan_num, status) VALUES (1331, 222, 29, 2023, '浙江', 570, 13033, 575, 11, 1);
INSERT INTO admission_score (id, university_id, major_id, year, province, min_score, min_rank, avg_score, plan_num, status) VALUES (1332, 222, 70, 2023, '北京', 666, 3441, 671, 13, 1);
INSERT INTO admission_score (id, university_id, major_id, year, province, min_score, min_rank, avg_score, plan_num, status) VALUES (1333, 223, 21, 2022, '江苏', 602, 9809, 607, 47, 1);
INSERT INTO admission_score (id, university_id, major_id, year, province, min_score, min_rank, avg_score, plan_num, status) VALUES (1334, 223, 82, 2022, '广东', 668, 3289, 673, 26, 1);
INSERT INTO admission_score (id, university_id, major_id, year, province, min_score, min_rank, avg_score, plan_num, status) VALUES (1335, 223, 38, 2022, '北京', 669, 3133, 674, 25, 1);
INSERT INTO admission_score (id, university_id, major_id, year, province, min_score, min_rank, avg_score, plan_num, status) VALUES (1336, 223, 19, 2023, '河南', 573, 12774, 578, 44, 1);
INSERT INTO admission_score (id, university_id, major_id, year, province, min_score, min_rank, avg_score, plan_num, status) VALUES (1337, 223, 11, 2023, '江苏', 604, 9661, 609, 37, 1);
INSERT INTO admission_score (id, university_id, major_id, year, province, min_score, min_rank, avg_score, plan_num, status) VALUES (1338, 223, 28, 2023, '浙江', 673, 2774, 678, 33, 1);
INSERT INTO admission_score (id, university_id, major_id, year, province, min_score, min_rank, avg_score, plan_num, status) VALUES (1339, 224, 99, 2022, '浙江', 672, 2865, 677, 44, 1);
INSERT INTO admission_score (id, university_id, major_id, year, province, min_score, min_rank, avg_score, plan_num, status) VALUES (1340, 224, 69, 2022, '四川', 621, 7982, 626, 36, 1);
INSERT INTO admission_score (id, university_id, major_id, year, province, min_score, min_rank, avg_score, plan_num, status) VALUES (1341, 224, 86, 2022, '湖北', 551, 14965, 556, 44, 1);
INSERT INTO admission_score (id, university_id, major_id, year, province, min_score, min_rank, avg_score, plan_num, status) VALUES (1342, 224, 83, 2023, '湖北', 620, 8049, 625, 45, 1);
INSERT INTO admission_score (id, university_id, major_id, year, province, min_score, min_rank, avg_score, plan_num, status) VALUES (1343, 224, 64, 2023, '北京', 619, 8139, 624, 14, 1);
INSERT INTO admission_score (id, university_id, major_id, year, province, min_score, min_rank, avg_score, plan_num, status) VALUES (1344, 224, 76, 2023, '四川', 586, 11487, 591, 26, 1);
INSERT INTO admission_score (id, university_id, major_id, year, province, min_score, min_rank, avg_score, plan_num, status) VALUES (1345, 225, 43, 2022, '浙江', 563, 13794, 568, 24, 1);
INSERT INTO admission_score (id, university_id, major_id, year, province, min_score, min_rank, avg_score, plan_num, status) VALUES (1346, 225, 27, 2022, '江苏', 607, 9310, 612, 12, 1);
INSERT INTO admission_score (id, university_id, major_id, year, province, min_score, min_rank, avg_score, plan_num, status) VALUES (1347, 225, 63, 2022, '湖北', 621, 7961, 626, 27, 1);
INSERT INTO admission_score (id, university_id, major_id, year, province, min_score, min_rank, avg_score, plan_num, status) VALUES (1348, 225, 37, 2023, '北京', 603, 9785, 608, 29, 1);
INSERT INTO admission_score (id, university_id, major_id, year, province, min_score, min_rank, avg_score, plan_num, status) VALUES (1349, 225, 37, 2023, '四川', 574, 12659, 579, 23, 1);
INSERT INTO admission_score (id, university_id, major_id, year, province, min_score, min_rank, avg_score, plan_num, status) VALUES (1350, 225, 22, 2023, '山东', 657, 4350, 662, 21, 1);
INSERT INTO admission_score (id, university_id, major_id, year, province, min_score, min_rank, avg_score, plan_num, status) VALUES (1351, 226, 22, 2022, '广东', 672, 2896, 677, 36, 1);
INSERT INTO admission_score (id, university_id, major_id, year, province, min_score, min_rank, avg_score, plan_num, status) VALUES (1352, 226, 74, 2022, '江苏', 659, 4188, 664, 40, 1);
INSERT INTO admission_score (id, university_id, major_id, year, province, min_score, min_rank, avg_score, plan_num, status) VALUES (1353, 226, 29, 2022, '湖北', 615, 8537, 620, 13, 1);
INSERT INTO admission_score (id, university_id, major_id, year, province, min_score, min_rank, avg_score, plan_num, status) VALUES (1354, 226, 4, 2023, '四川', 567, 13305, 572, 41, 1);
INSERT INTO admission_score (id, university_id, major_id, year, province, min_score, min_rank, avg_score, plan_num, status) VALUES (1355, 226, 1, 2023, '江苏', 629, 7128, 634, 45, 1);
INSERT INTO admission_score (id, university_id, major_id, year, province, min_score, min_rank, avg_score, plan_num, status) VALUES (1356, 226, 25, 2023, '浙江', 566, 13457, 571, 37, 1);
INSERT INTO admission_score (id, university_id, major_id, year, province, min_score, min_rank, avg_score, plan_num, status) VALUES (1357, 227, 5, 2022, '广东', 589, 11180, 594, 16, 1);
INSERT INTO admission_score (id, university_id, major_id, year, province, min_score, min_rank, avg_score, plan_num, status) VALUES (1358, 227, 107, 2022, '山东', 651, 4944, 656, 14, 1);
INSERT INTO admission_score (id, university_id, major_id, year, province, min_score, min_rank, avg_score, plan_num, status) VALUES (1359, 227, 20, 2022, '北京', 581, 11956, 586, 49, 1);
INSERT INTO admission_score (id, university_id, major_id, year, province, min_score, min_rank, avg_score, plan_num, status) VALUES (1360, 227, 93, 2023, '浙江', 613, 8771, 618, 20, 1);
INSERT INTO admission_score (id, university_id, major_id, year, province, min_score, min_rank, avg_score, plan_num, status) VALUES (1361, 227, 98, 2023, '山东', 558, 14295, 563, 10, 1);
INSERT INTO admission_score (id, university_id, major_id, year, province, min_score, min_rank, avg_score, plan_num, status) VALUES (1362, 227, 94, 2023, '广东', 611, 8968, 616, 29, 1);
INSERT INTO admission_score (id, university_id, major_id, year, province, min_score, min_rank, avg_score, plan_num, status) VALUES (1363, 228, 64, 2022, '广东', 577, 12364, 582, 41, 1);
INSERT INTO admission_score (id, university_id, major_id, year, province, min_score, min_rank, avg_score, plan_num, status) VALUES (1364, 228, 100, 2022, '河南', 575, 12541, 580, 46, 1);
INSERT INTO admission_score (id, university_id, major_id, year, province, min_score, min_rank, avg_score, plan_num, status) VALUES (1365, 228, 15, 2022, '江苏', 595, 10533, 600, 37, 1);
INSERT INTO admission_score (id, university_id, major_id, year, province, min_score, min_rank, avg_score, plan_num, status) VALUES (1366, 228, 77, 2023, '湖北', 654, 4671, 659, 23, 1);
INSERT INTO admission_score (id, university_id, major_id, year, province, min_score, min_rank, avg_score, plan_num, status) VALUES (1367, 228, 45, 2023, '北京', 603, 9716, 608, 23, 1);
INSERT INTO admission_score (id, university_id, major_id, year, province, min_score, min_rank, avg_score, plan_num, status) VALUES (1368, 228, 68, 2023, '江苏', 662, 3813, 667, 45, 1);
INSERT INTO admission_score (id, university_id, major_id, year, province, min_score, min_rank, avg_score, plan_num, status) VALUES (1369, 229, 55, 2022, '江苏', 566, 13467, 571, 49, 1);
INSERT INTO admission_score (id, university_id, major_id, year, province, min_score, min_rank, avg_score, plan_num, status) VALUES (1370, 229, 6, 2022, '山东', 676, 2434, 681, 14, 1);
INSERT INTO admission_score (id, university_id, major_id, year, province, min_score, min_rank, avg_score, plan_num, status) VALUES (1371, 229, 65, 2022, '广东', 645, 5512, 650, 12, 1);
INSERT INTO admission_score (id, university_id, major_id, year, province, min_score, min_rank, avg_score, plan_num, status) VALUES (1372, 229, 19, 2023, '江苏', 562, 13881, 567, 37, 1);
INSERT INTO admission_score (id, university_id, major_id, year, province, min_score, min_rank, avg_score, plan_num, status) VALUES (1373, 229, 69, 2023, '四川', 581, 11918, 586, 30, 1);
INSERT INTO admission_score (id, university_id, major_id, year, province, min_score, min_rank, avg_score, plan_num, status) VALUES (1374, 229, 46, 2023, '浙江', 654, 4617, 659, 42, 1);
INSERT INTO admission_score (id, university_id, major_id, year, province, min_score, min_rank, avg_score, plan_num, status) VALUES (1375, 230, 29, 2022, '广东', 553, 14753, 558, 42, 1);
INSERT INTO admission_score (id, university_id, major_id, year, province, min_score, min_rank, avg_score, plan_num, status) VALUES (1376, 230, 80, 2022, '江苏', 581, 11919, 586, 10, 1);
INSERT INTO admission_score (id, university_id, major_id, year, province, min_score, min_rank, avg_score, plan_num, status) VALUES (1377, 230, 85, 2022, '山东', 583, 11781, 588, 26, 1);
INSERT INTO admission_score (id, university_id, major_id, year, province, min_score, min_rank, avg_score, plan_num, status) VALUES (1378, 230, 66, 2023, '四川', 604, 9691, 609, 33, 1);
INSERT INTO admission_score (id, university_id, major_id, year, province, min_score, min_rank, avg_score, plan_num, status) VALUES (1379, 230, 73, 2023, '河南', 623, 7736, 628, 37, 1);
INSERT INTO admission_score (id, university_id, major_id, year, province, min_score, min_rank, avg_score, plan_num, status) VALUES (1380, 230, 42, 2023, '山东', 564, 13629, 569, 12, 1);

-- Users & Student Profiles (50 records + 1 Admin)
INSERT INTO sys_user (id, username, password_hash, role, status, create_time) VALUES (1, 'admin', '$2b$12$jK94or/VUSvazdcn.LGFluAwHA2.axZpEVHfcV4EomAUJElj.GCO2', 'admin', 1, '2023-12-01 09:00:00');
INSERT INTO sys_user (id, username, password_hash, role, status, create_time) VALUES (101, 'student1', '$2b$12$jK94or/VUSvazdcn.LGFluAwHA2.axZpEVHfcV4EomAUJElj.GCO2', 'student', 1, '2023-12-01 10:00:00');
INSERT INTO student_profile (id, user_id, score, province, subject_selection, region_preference) VALUES (1, 101, 605, '广东', '物理类', '广东');
INSERT INTO sys_user (id, username, password_hash, role, status, create_time) VALUES (102, 'student2', '$2b$12$jK94or/VUSvazdcn.LGFluAwHA2.axZpEVHfcV4EomAUJElj.GCO2', 'student', 1, '2023-12-01 10:00:00');
INSERT INTO student_profile (id, user_id, score, province, subject_selection, region_preference) VALUES (2, 102, 588, '广东', '物理类', '广东');
INSERT INTO sys_user (id, username, password_hash, role, status, create_time) VALUES (103, 'student3', '$2b$12$jK94or/VUSvazdcn.LGFluAwHA2.axZpEVHfcV4EomAUJElj.GCO2', 'student', 1, '2023-12-01 10:00:00');
INSERT INTO student_profile (id, user_id, score, province, subject_selection, region_preference) VALUES (3, 103, 584, '广东', '物理类', '广东');
INSERT INTO sys_user (id, username, password_hash, role, status, create_time) VALUES (104, 'student4', '$2b$12$jK94or/VUSvazdcn.LGFluAwHA2.axZpEVHfcV4EomAUJElj.GCO2', 'student', 1, '2023-12-01 10:00:00');
INSERT INTO student_profile (id, user_id, score, province, subject_selection, region_preference) VALUES (4, 104, 585, '广东', '物理类', '广东');
INSERT INTO sys_user (id, username, password_hash, role, status, create_time) VALUES (105, 'student5', '$2b$12$jK94or/VUSvazdcn.LGFluAwHA2.axZpEVHfcV4EomAUJElj.GCO2', 'student', 1, '2023-12-01 10:00:00');
INSERT INTO student_profile (id, user_id, score, province, subject_selection, region_preference) VALUES (5, 105, 633, '广东', '物理类', '广东');
INSERT INTO sys_user (id, username, password_hash, role, status, create_time) VALUES (106, 'student6', '$2b$12$jK94or/VUSvazdcn.LGFluAwHA2.axZpEVHfcV4EomAUJElj.GCO2', 'student', 1, '2023-12-01 10:00:00');
INSERT INTO student_profile (id, user_id, score, province, subject_selection, region_preference) VALUES (6, 106, 612, '广东', '物理类', '广东');
INSERT INTO sys_user (id, username, password_hash, role, status, create_time) VALUES (107, 'student7', '$2b$12$jK94or/VUSvazdcn.LGFluAwHA2.axZpEVHfcV4EomAUJElj.GCO2', 'student', 1, '2023-12-01 10:00:00');
INSERT INTO student_profile (id, user_id, score, province, subject_selection, region_preference) VALUES (7, 107, 587, '广东', '物理类', '广东');
INSERT INTO sys_user (id, username, password_hash, role, status, create_time) VALUES (108, 'student8', '$2b$12$jK94or/VUSvazdcn.LGFluAwHA2.axZpEVHfcV4EomAUJElj.GCO2', 'student', 1, '2023-12-01 10:00:00');
INSERT INTO student_profile (id, user_id, score, province, subject_selection, region_preference) VALUES (8, 108, 593, '广东', '物理类', '广东');
INSERT INTO sys_user (id, username, password_hash, role, status, create_time) VALUES (109, 'student9', '$2b$12$jK94or/VUSvazdcn.LGFluAwHA2.axZpEVHfcV4EomAUJElj.GCO2', 'student', 1, '2023-12-01 10:00:00');
INSERT INTO student_profile (id, user_id, score, province, subject_selection, region_preference) VALUES (9, 109, 634, '广东', '物理类', '广东');
INSERT INTO sys_user (id, username, password_hash, role, status, create_time) VALUES (110, 'student10', '$2b$12$jK94or/VUSvazdcn.LGFluAwHA2.axZpEVHfcV4EomAUJElj.GCO2', 'student', 1, '2023-12-01 10:00:00');
INSERT INTO student_profile (id, user_id, score, province, subject_selection, region_preference) VALUES (10, 110, 634, '广东', '物理类', '广东');
INSERT INTO sys_user (id, username, password_hash, role, status, create_time) VALUES (111, 'student11', '$2b$12$jK94or/VUSvazdcn.LGFluAwHA2.axZpEVHfcV4EomAUJElj.GCO2', 'student', 1, '2023-12-01 10:00:00');
INSERT INTO student_profile (id, user_id, score, province, subject_selection, region_preference) VALUES (11, 111, 608, '广东', '物理类', '广东');
INSERT INTO sys_user (id, username, password_hash, role, status, create_time) VALUES (112, 'student12', '$2b$12$jK94or/VUSvazdcn.LGFluAwHA2.axZpEVHfcV4EomAUJElj.GCO2', 'student', 1, '2023-12-01 10:00:00');
INSERT INTO student_profile (id, user_id, score, province, subject_selection, region_preference) VALUES (12, 112, 601, '广东', '物理类', '广东');
INSERT INTO sys_user (id, username, password_hash, role, status, create_time) VALUES (113, 'student13', '$2b$12$jK94or/VUSvazdcn.LGFluAwHA2.axZpEVHfcV4EomAUJElj.GCO2', 'student', 1, '2023-12-01 10:00:00');
INSERT INTO student_profile (id, user_id, score, province, subject_selection, region_preference) VALUES (13, 113, 586, '广东', '物理类', '广东');
INSERT INTO sys_user (id, username, password_hash, role, status, create_time) VALUES (114, 'student14', '$2b$12$jK94or/VUSvazdcn.LGFluAwHA2.axZpEVHfcV4EomAUJElj.GCO2', 'student', 1, '2023-12-01 10:00:00');
INSERT INTO student_profile (id, user_id, score, province, subject_selection, region_preference) VALUES (14, 114, 623, '广东', '物理类', '广东');
INSERT INTO sys_user (id, username, password_hash, role, status, create_time) VALUES (115, 'student15', '$2b$12$jK94or/VUSvazdcn.LGFluAwHA2.axZpEVHfcV4EomAUJElj.GCO2', 'student', 1, '2023-12-01 10:00:00');
INSERT INTO student_profile (id, user_id, score, province, subject_selection, region_preference) VALUES (15, 115, 584, '广东', '物理类', '广东');
INSERT INTO sys_user (id, username, password_hash, role, status, create_time) VALUES (116, 'student16', '$2b$12$jK94or/VUSvazdcn.LGFluAwHA2.axZpEVHfcV4EomAUJElj.GCO2', 'student', 1, '2023-12-01 10:00:00');
INSERT INTO student_profile (id, user_id, score, province, subject_selection, region_preference) VALUES (16, 116, 596, '广东', '物理类', '广东');
INSERT INTO sys_user (id, username, password_hash, role, status, create_time) VALUES (117, 'student17', '$2b$12$jK94or/VUSvazdcn.LGFluAwHA2.axZpEVHfcV4EomAUJElj.GCO2', 'student', 1, '2023-12-01 10:00:00');
INSERT INTO student_profile (id, user_id, score, province, subject_selection, region_preference) VALUES (17, 117, 598, '广东', '物理类', '广东');
INSERT INTO sys_user (id, username, password_hash, role, status, create_time) VALUES (118, 'student18', '$2b$12$jK94or/VUSvazdcn.LGFluAwHA2.axZpEVHfcV4EomAUJElj.GCO2', 'student', 1, '2023-12-01 10:00:00');
INSERT INTO student_profile (id, user_id, score, province, subject_selection, region_preference) VALUES (18, 118, 650, '广东', '物理类', '广东');
INSERT INTO sys_user (id, username, password_hash, role, status, create_time) VALUES (119, 'student19', '$2b$12$jK94or/VUSvazdcn.LGFluAwHA2.axZpEVHfcV4EomAUJElj.GCO2', 'student', 1, '2023-12-01 10:00:00');
INSERT INTO student_profile (id, user_id, score, province, subject_selection, region_preference) VALUES (19, 119, 636, '广东', '物理类', '广东');
INSERT INTO sys_user (id, username, password_hash, role, status, create_time) VALUES (120, 'student20', '$2b$12$jK94or/VUSvazdcn.LGFluAwHA2.axZpEVHfcV4EomAUJElj.GCO2', 'student', 1, '2023-12-01 10:00:00');
INSERT INTO student_profile (id, user_id, score, province, subject_selection, region_preference) VALUES (20, 120, 595, '广东', '物理类', '广东');
INSERT INTO sys_user (id, username, password_hash, role, status, create_time) VALUES (121, 'student21', '$2b$12$jK94or/VUSvazdcn.LGFluAwHA2.axZpEVHfcV4EomAUJElj.GCO2', 'student', 1, '2023-12-01 10:00:00');
INSERT INTO student_profile (id, user_id, score, province, subject_selection, region_preference) VALUES (21, 121, 609, '广东', '物理类', '广东');
INSERT INTO sys_user (id, username, password_hash, role, status, create_time) VALUES (122, 'student22', '$2b$12$jK94or/VUSvazdcn.LGFluAwHA2.axZpEVHfcV4EomAUJElj.GCO2', 'student', 1, '2023-12-01 10:00:00');
INSERT INTO student_profile (id, user_id, score, province, subject_selection, region_preference) VALUES (22, 122, 588, '广东', '物理类', '广东');
INSERT INTO sys_user (id, username, password_hash, role, status, create_time) VALUES (123, 'student23', '$2b$12$jK94or/VUSvazdcn.LGFluAwHA2.axZpEVHfcV4EomAUJElj.GCO2', 'student', 1, '2023-12-01 10:00:00');
INSERT INTO student_profile (id, user_id, score, province, subject_selection, region_preference) VALUES (23, 123, 605, '广东', '物理类', '广东');
INSERT INTO sys_user (id, username, password_hash, role, status, create_time) VALUES (124, 'student24', '$2b$12$jK94or/VUSvazdcn.LGFluAwHA2.axZpEVHfcV4EomAUJElj.GCO2', 'student', 1, '2023-12-01 10:00:00');
INSERT INTO student_profile (id, user_id, score, province, subject_selection, region_preference) VALUES (24, 124, 645, '广东', '物理类', '广东');
INSERT INTO sys_user (id, username, password_hash, role, status, create_time) VALUES (125, 'student25', '$2b$12$jK94or/VUSvazdcn.LGFluAwHA2.axZpEVHfcV4EomAUJElj.GCO2', 'student', 1, '2023-12-01 10:00:00');
INSERT INTO student_profile (id, user_id, score, province, subject_selection, region_preference) VALUES (25, 125, 617, '广东', '物理类', '广东');
INSERT INTO sys_user (id, username, password_hash, role, status, create_time) VALUES (126, 'student26', '$2b$12$jK94or/VUSvazdcn.LGFluAwHA2.axZpEVHfcV4EomAUJElj.GCO2', 'student', 1, '2023-12-01 10:00:00');
INSERT INTO student_profile (id, user_id, score, province, subject_selection, region_preference) VALUES (26, 126, 585, '广东', '物理类', '广东');
INSERT INTO sys_user (id, username, password_hash, role, status, create_time) VALUES (127, 'student27', '$2b$12$jK94or/VUSvazdcn.LGFluAwHA2.axZpEVHfcV4EomAUJElj.GCO2', 'student', 1, '2023-12-01 10:00:00');
INSERT INTO student_profile (id, user_id, score, province, subject_selection, region_preference) VALUES (27, 127, 620, '广东', '物理类', '广东');
INSERT INTO sys_user (id, username, password_hash, role, status, create_time) VALUES (128, 'student28', '$2b$12$jK94or/VUSvazdcn.LGFluAwHA2.axZpEVHfcV4EomAUJElj.GCO2', 'student', 1, '2023-12-01 10:00:00');
INSERT INTO student_profile (id, user_id, score, province, subject_selection, region_preference) VALUES (28, 128, 648, '广东', '物理类', '广东');
INSERT INTO sys_user (id, username, password_hash, role, status, create_time) VALUES (129, 'student29', '$2b$12$jK94or/VUSvazdcn.LGFluAwHA2.axZpEVHfcV4EomAUJElj.GCO2', 'student', 1, '2023-12-01 10:00:00');
INSERT INTO student_profile (id, user_id, score, province, subject_selection, region_preference) VALUES (29, 129, 591, '广东', '物理类', '广东');
INSERT INTO sys_user (id, username, password_hash, role, status, create_time) VALUES (130, 'student30', '$2b$12$jK94or/VUSvazdcn.LGFluAwHA2.axZpEVHfcV4EomAUJElj.GCO2', 'student', 1, '2023-12-01 10:00:00');
INSERT INTO student_profile (id, user_id, score, province, subject_selection, region_preference) VALUES (30, 130, 616, '广东', '物理类', '广东');
INSERT INTO sys_user (id, username, password_hash, role, status, create_time) VALUES (131, 'student31', '$2b$12$jK94or/VUSvazdcn.LGFluAwHA2.axZpEVHfcV4EomAUJElj.GCO2', 'student', 1, '2023-12-01 10:00:00');
INSERT INTO student_profile (id, user_id, score, province, subject_selection, region_preference) VALUES (31, 131, 625, '广东', '物理类', '广东');
INSERT INTO sys_user (id, username, password_hash, role, status, create_time) VALUES (132, 'student32', '$2b$12$jK94or/VUSvazdcn.LGFluAwHA2.axZpEVHfcV4EomAUJElj.GCO2', 'student', 1, '2023-12-01 10:00:00');
INSERT INTO student_profile (id, user_id, score, province, subject_selection, region_preference) VALUES (32, 132, 581, '广东', '物理类', '广东');
INSERT INTO sys_user (id, username, password_hash, role, status, create_time) VALUES (133, 'student33', '$2b$12$jK94or/VUSvazdcn.LGFluAwHA2.axZpEVHfcV4EomAUJElj.GCO2', 'student', 1, '2023-12-01 10:00:00');
INSERT INTO student_profile (id, user_id, score, province, subject_selection, region_preference) VALUES (33, 133, 633, '广东', '物理类', '广东');
INSERT INTO sys_user (id, username, password_hash, role, status, create_time) VALUES (134, 'student34', '$2b$12$jK94or/VUSvazdcn.LGFluAwHA2.axZpEVHfcV4EomAUJElj.GCO2', 'student', 1, '2023-12-01 10:00:00');
INSERT INTO student_profile (id, user_id, score, province, subject_selection, region_preference) VALUES (34, 134, 593, '广东', '物理类', '广东');
INSERT INTO sys_user (id, username, password_hash, role, status, create_time) VALUES (135, 'student35', '$2b$12$jK94or/VUSvazdcn.LGFluAwHA2.axZpEVHfcV4EomAUJElj.GCO2', 'student', 1, '2023-12-01 10:00:00');
INSERT INTO student_profile (id, user_id, score, province, subject_selection, region_preference) VALUES (35, 135, 647, '广东', '物理类', '广东');
INSERT INTO sys_user (id, username, password_hash, role, status, create_time) VALUES (136, 'student36', '$2b$12$jK94or/VUSvazdcn.LGFluAwHA2.axZpEVHfcV4EomAUJElj.GCO2', 'student', 1, '2023-12-01 10:00:00');
INSERT INTO student_profile (id, user_id, score, province, subject_selection, region_preference) VALUES (36, 136, 620, '广东', '物理类', '广东');
INSERT INTO sys_user (id, username, password_hash, role, status, create_time) VALUES (137, 'student37', '$2b$12$jK94or/VUSvazdcn.LGFluAwHA2.axZpEVHfcV4EomAUJElj.GCO2', 'student', 1, '2023-12-01 10:00:00');
INSERT INTO student_profile (id, user_id, score, province, subject_selection, region_preference) VALUES (37, 137, 580, '广东', '物理类', '广东');
INSERT INTO sys_user (id, username, password_hash, role, status, create_time) VALUES (138, 'student38', '$2b$12$jK94or/VUSvazdcn.LGFluAwHA2.axZpEVHfcV4EomAUJElj.GCO2', 'student', 1, '2023-12-01 10:00:00');
INSERT INTO student_profile (id, user_id, score, province, subject_selection, region_preference) VALUES (38, 138, 644, '广东', '物理类', '广东');
INSERT INTO sys_user (id, username, password_hash, role, status, create_time) VALUES (139, 'student39', '$2b$12$jK94or/VUSvazdcn.LGFluAwHA2.axZpEVHfcV4EomAUJElj.GCO2', 'student', 1, '2023-12-01 10:00:00');
INSERT INTO student_profile (id, user_id, score, province, subject_selection, region_preference) VALUES (39, 139, 611, '广东', '物理类', '广东');
INSERT INTO sys_user (id, username, password_hash, role, status, create_time) VALUES (140, 'student40', '$2b$12$jK94or/VUSvazdcn.LGFluAwHA2.axZpEVHfcV4EomAUJElj.GCO2', 'student', 1, '2023-12-01 10:00:00');
INSERT INTO student_profile (id, user_id, score, province, subject_selection, region_preference) VALUES (40, 140, 615, '广东', '物理类', '广东');
INSERT INTO sys_user (id, username, password_hash, role, status, create_time) VALUES (141, 'student41', '$2b$12$jK94or/VUSvazdcn.LGFluAwHA2.axZpEVHfcV4EomAUJElj.GCO2', 'student', 1, '2023-12-01 10:00:00');
INSERT INTO student_profile (id, user_id, score, province, subject_selection, region_preference) VALUES (41, 141, 604, '广东', '物理类', '广东');
INSERT INTO sys_user (id, username, password_hash, role, status, create_time) VALUES (142, 'student42', '$2b$12$jK94or/VUSvazdcn.LGFluAwHA2.axZpEVHfcV4EomAUJElj.GCO2', 'student', 1, '2023-12-01 10:00:00');
INSERT INTO student_profile (id, user_id, score, province, subject_selection, region_preference) VALUES (42, 142, 614, '广东', '物理类', '广东');
INSERT INTO sys_user (id, username, password_hash, role, status, create_time) VALUES (143, 'student43', '$2b$12$jK94or/VUSvazdcn.LGFluAwHA2.axZpEVHfcV4EomAUJElj.GCO2', 'student', 1, '2023-12-01 10:00:00');
INSERT INTO student_profile (id, user_id, score, province, subject_selection, region_preference) VALUES (43, 143, 599, '广东', '物理类', '广东');
INSERT INTO sys_user (id, username, password_hash, role, status, create_time) VALUES (144, 'student44', '$2b$12$jK94or/VUSvazdcn.LGFluAwHA2.axZpEVHfcV4EomAUJElj.GCO2', 'student', 1, '2023-12-01 10:00:00');
INSERT INTO student_profile (id, user_id, score, province, subject_selection, region_preference) VALUES (44, 144, 622, '广东', '物理类', '广东');
INSERT INTO sys_user (id, username, password_hash, role, status, create_time) VALUES (145, 'student45', '$2b$12$jK94or/VUSvazdcn.LGFluAwHA2.axZpEVHfcV4EomAUJElj.GCO2', 'student', 1, '2023-12-01 10:00:00');
INSERT INTO student_profile (id, user_id, score, province, subject_selection, region_preference) VALUES (45, 145, 645, '广东', '物理类', '广东');
INSERT INTO sys_user (id, username, password_hash, role, status, create_time) VALUES (146, 'student46', '$2b$12$jK94or/VUSvazdcn.LGFluAwHA2.axZpEVHfcV4EomAUJElj.GCO2', 'student', 1, '2023-12-01 10:00:00');
INSERT INTO student_profile (id, user_id, score, province, subject_selection, region_preference) VALUES (46, 146, 609, '广东', '物理类', '广东');
INSERT INTO sys_user (id, username, password_hash, role, status, create_time) VALUES (147, 'student47', '$2b$12$jK94or/VUSvazdcn.LGFluAwHA2.axZpEVHfcV4EomAUJElj.GCO2', 'student', 1, '2023-12-01 10:00:00');
INSERT INTO student_profile (id, user_id, score, province, subject_selection, region_preference) VALUES (47, 147, 613, '广东', '物理类', '广东');
INSERT INTO sys_user (id, username, password_hash, role, status, create_time) VALUES (148, 'student48', '$2b$12$jK94or/VUSvazdcn.LGFluAwHA2.axZpEVHfcV4EomAUJElj.GCO2', 'student', 1, '2023-12-01 10:00:00');
INSERT INTO student_profile (id, user_id, score, province, subject_selection, region_preference) VALUES (48, 148, 644, '广东', '物理类', '广东');
INSERT INTO sys_user (id, username, password_hash, role, status, create_time) VALUES (149, 'student49', '$2b$12$jK94or/VUSvazdcn.LGFluAwHA2.axZpEVHfcV4EomAUJElj.GCO2', 'student', 1, '2023-12-01 10:00:00');
INSERT INTO student_profile (id, user_id, score, province, subject_selection, region_preference) VALUES (49, 149, 588, '广东', '物理类', '广东');
INSERT INTO sys_user (id, username, password_hash, role, status, create_time) VALUES (150, 'student50', '$2b$12$jK94or/VUSvazdcn.LGFluAwHA2.axZpEVHfcV4EomAUJElj.GCO2', 'student', 1, '2023-12-01 10:00:00');
INSERT INTO student_profile (id, user_id, score, province, subject_selection, region_preference) VALUES (50, 150, 606, '广东', '物理类', '广东');

-- Volunteer Plan (200 records)
INSERT INTO volunteer_plan (id, user_id, type, university_id, major_id, priority, create_time) VALUES (1, 102, '模拟方案', 57, 82, 57, '2024-01-10 15:00:00');
INSERT INTO volunteer_plan (id, user_id, type, university_id, major_id, priority, create_time) VALUES (2, 103, '模拟方案', 90, 47, 94, '2024-01-10 15:00:00');
INSERT INTO volunteer_plan (id, user_id, type, university_id, major_id, priority, create_time) VALUES (3, 104, '模拟方案', 18, 5, 59, '2024-01-10 15:00:00');
INSERT INTO volunteer_plan (id, user_id, type, university_id, major_id, priority, create_time) VALUES (4, 105, '备选库', 205, 58, 8, '2024-01-10 15:00:00');
INSERT INTO volunteer_plan (id, user_id, type, university_id, major_id, priority, create_time) VALUES (5, 106, '备选库', 88, 31, 91, '2024-01-10 15:00:00');
INSERT INTO volunteer_plan (id, user_id, type, university_id, major_id, priority, create_time) VALUES (6, 107, '模拟方案', 41, 54, 31, '2024-01-10 15:00:00');
INSERT INTO volunteer_plan (id, user_id, type, university_id, major_id, priority, create_time) VALUES (7, 108, '模拟方案', 3, 40, 88, '2024-01-10 15:00:00');
INSERT INTO volunteer_plan (id, user_id, type, university_id, major_id, priority, create_time) VALUES (8, 109, '模拟方案', 216, 68, 15, '2024-01-10 15:00:00');
INSERT INTO volunteer_plan (id, user_id, type, university_id, major_id, priority, create_time) VALUES (9, 110, '备选库', 146, 37, 39, '2024-01-10 15:00:00');
INSERT INTO volunteer_plan (id, user_id, type, university_id, major_id, priority, create_time) VALUES (10, 111, '模拟方案', 208, 92, 36, '2024-01-10 15:00:00');
INSERT INTO volunteer_plan (id, user_id, type, university_id, major_id, priority, create_time) VALUES (11, 112, '备选库', 71, 103, 57, '2024-01-10 15:00:00');
INSERT INTO volunteer_plan (id, user_id, type, university_id, major_id, priority, create_time) VALUES (12, 113, '备选库', 215, 13, 57, '2024-01-10 15:00:00');
INSERT INTO volunteer_plan (id, user_id, type, university_id, major_id, priority, create_time) VALUES (13, 114, '备选库', 48, 83, 44, '2024-01-10 15:00:00');
INSERT INTO volunteer_plan (id, user_id, type, university_id, major_id, priority, create_time) VALUES (14, 115, '备选库', 136, 102, 63, '2024-01-10 15:00:00');
INSERT INTO volunteer_plan (id, user_id, type, university_id, major_id, priority, create_time) VALUES (15, 116, '模拟方案', 21, 110, 3, '2024-01-10 15:00:00');
INSERT INTO volunteer_plan (id, user_id, type, university_id, major_id, priority, create_time) VALUES (16, 117, '备选库', 38, 59, 44, '2024-01-10 15:00:00');
INSERT INTO volunteer_plan (id, user_id, type, university_id, major_id, priority, create_time) VALUES (17, 118, '模拟方案', 51, 85, 74, '2024-01-10 15:00:00');
INSERT INTO volunteer_plan (id, user_id, type, university_id, major_id, priority, create_time) VALUES (18, 119, '备选库', 83, 84, 34, '2024-01-10 15:00:00');
INSERT INTO volunteer_plan (id, user_id, type, university_id, major_id, priority, create_time) VALUES (19, 120, '模拟方案', 213, 106, 42, '2024-01-10 15:00:00');
INSERT INTO volunteer_plan (id, user_id, type, university_id, major_id, priority, create_time) VALUES (20, 121, '备选库', 71, 9, 39, '2024-01-10 15:00:00');
INSERT INTO volunteer_plan (id, user_id, type, university_id, major_id, priority, create_time) VALUES (21, 122, '备选库', 40, 82, 19, '2024-01-10 15:00:00');
INSERT INTO volunteer_plan (id, user_id, type, university_id, major_id, priority, create_time) VALUES (22, 123, '备选库', 44, 18, 91, '2024-01-10 15:00:00');
INSERT INTO volunteer_plan (id, user_id, type, university_id, major_id, priority, create_time) VALUES (23, 124, '备选库', 54, 63, 66, '2024-01-10 15:00:00');
INSERT INTO volunteer_plan (id, user_id, type, university_id, major_id, priority, create_time) VALUES (24, 125, '模拟方案', 50, 106, 9, '2024-01-10 15:00:00');
INSERT INTO volunteer_plan (id, user_id, type, university_id, major_id, priority, create_time) VALUES (25, 126, '备选库', 115, 13, 49, '2024-01-10 15:00:00');
INSERT INTO volunteer_plan (id, user_id, type, university_id, major_id, priority, create_time) VALUES (26, 127, '备选库', 182, 109, 26, '2024-01-10 15:00:00');
INSERT INTO volunteer_plan (id, user_id, type, university_id, major_id, priority, create_time) VALUES (27, 128, '模拟方案', 77, 82, 32, '2024-01-10 15:00:00');
INSERT INTO volunteer_plan (id, user_id, type, university_id, major_id, priority, create_time) VALUES (28, 129, '备选库', 107, 91, 51, '2024-01-10 15:00:00');
INSERT INTO volunteer_plan (id, user_id, type, university_id, major_id, priority, create_time) VALUES (29, 130, '备选库', 222, 87, 77, '2024-01-10 15:00:00');
INSERT INTO volunteer_plan (id, user_id, type, university_id, major_id, priority, create_time) VALUES (30, 131, '模拟方案', 5, 94, 61, '2024-01-10 15:00:00');
INSERT INTO volunteer_plan (id, user_id, type, university_id, major_id, priority, create_time) VALUES (31, 132, '模拟方案', 187, 29, 10, '2024-01-10 15:00:00');
INSERT INTO volunteer_plan (id, user_id, type, university_id, major_id, priority, create_time) VALUES (32, 133, '模拟方案', 139, 106, 25, '2024-01-10 15:00:00');
INSERT INTO volunteer_plan (id, user_id, type, university_id, major_id, priority, create_time) VALUES (33, 134, '备选库', 49, 98, 24, '2024-01-10 15:00:00');
INSERT INTO volunteer_plan (id, user_id, type, university_id, major_id, priority, create_time) VALUES (34, 135, '备选库', 111, 80, 28, '2024-01-10 15:00:00');
INSERT INTO volunteer_plan (id, user_id, type, university_id, major_id, priority, create_time) VALUES (35, 136, '模拟方案', 223, 62, 88, '2024-01-10 15:00:00');
INSERT INTO volunteer_plan (id, user_id, type, university_id, major_id, priority, create_time) VALUES (36, 137, '备选库', 195, 45, 93, '2024-01-10 15:00:00');
INSERT INTO volunteer_plan (id, user_id, type, university_id, major_id, priority, create_time) VALUES (37, 138, '备选库', 187, 35, 9, '2024-01-10 15:00:00');
INSERT INTO volunteer_plan (id, user_id, type, university_id, major_id, priority, create_time) VALUES (38, 139, '模拟方案', 190, 42, 43, '2024-01-10 15:00:00');
INSERT INTO volunteer_plan (id, user_id, type, university_id, major_id, priority, create_time) VALUES (39, 140, '备选库', 173, 52, 32, '2024-01-10 15:00:00');
INSERT INTO volunteer_plan (id, user_id, type, university_id, major_id, priority, create_time) VALUES (40, 141, '备选库', 140, 21, 43, '2024-01-10 15:00:00');
INSERT INTO volunteer_plan (id, user_id, type, university_id, major_id, priority, create_time) VALUES (41, 142, '备选库', 77, 68, 36, '2024-01-10 15:00:00');
INSERT INTO volunteer_plan (id, user_id, type, university_id, major_id, priority, create_time) VALUES (42, 143, '备选库', 35, 77, 38, '2024-01-10 15:00:00');
INSERT INTO volunteer_plan (id, user_id, type, university_id, major_id, priority, create_time) VALUES (43, 144, '模拟方案', 112, 45, 58, '2024-01-10 15:00:00');
INSERT INTO volunteer_plan (id, user_id, type, university_id, major_id, priority, create_time) VALUES (44, 145, '模拟方案', 186, 90, 56, '2024-01-10 15:00:00');
INSERT INTO volunteer_plan (id, user_id, type, university_id, major_id, priority, create_time) VALUES (45, 146, '备选库', 107, 92, 65, '2024-01-10 15:00:00');
INSERT INTO volunteer_plan (id, user_id, type, university_id, major_id, priority, create_time) VALUES (46, 147, '备选库', 6, 83, 35, '2024-01-10 15:00:00');
INSERT INTO volunteer_plan (id, user_id, type, university_id, major_id, priority, create_time) VALUES (47, 148, '备选库', 202, 30, 60, '2024-01-10 15:00:00');
INSERT INTO volunteer_plan (id, user_id, type, university_id, major_id, priority, create_time) VALUES (48, 149, '备选库', 212, 54, 45, '2024-01-10 15:00:00');
INSERT INTO volunteer_plan (id, user_id, type, university_id, major_id, priority, create_time) VALUES (49, 150, '备选库', 143, 10, 61, '2024-01-10 15:00:00');
INSERT INTO volunteer_plan (id, user_id, type, university_id, major_id, priority, create_time) VALUES (50, 101, '模拟方案', 156, 107, 55, '2024-01-10 15:00:00');
INSERT INTO volunteer_plan (id, user_id, type, university_id, major_id, priority, create_time) VALUES (51, 102, '模拟方案', 44, 65, 19, '2024-01-10 15:00:00');
INSERT INTO volunteer_plan (id, user_id, type, university_id, major_id, priority, create_time) VALUES (52, 103, '模拟方案', 188, 17, 97, '2024-01-10 15:00:00');
INSERT INTO volunteer_plan (id, user_id, type, university_id, major_id, priority, create_time) VALUES (53, 104, '备选库', 23, 14, 38, '2024-01-10 15:00:00');
INSERT INTO volunteer_plan (id, user_id, type, university_id, major_id, priority, create_time) VALUES (54, 105, '备选库', 107, 18, 88, '2024-01-10 15:00:00');
INSERT INTO volunteer_plan (id, user_id, type, university_id, major_id, priority, create_time) VALUES (55, 106, '模拟方案', 130, 45, 19, '2024-01-10 15:00:00');
INSERT INTO volunteer_plan (id, user_id, type, university_id, major_id, priority, create_time) VALUES (56, 107, '备选库', 214, 41, 33, '2024-01-10 15:00:00');
INSERT INTO volunteer_plan (id, user_id, type, university_id, major_id, priority, create_time) VALUES (57, 108, '备选库', 140, 34, 74, '2024-01-10 15:00:00');
INSERT INTO volunteer_plan (id, user_id, type, university_id, major_id, priority, create_time) VALUES (58, 109, '备选库', 109, 66, 11, '2024-01-10 15:00:00');
INSERT INTO volunteer_plan (id, user_id, type, university_id, major_id, priority, create_time) VALUES (59, 110, '备选库', 130, 91, 75, '2024-01-10 15:00:00');
INSERT INTO volunteer_plan (id, user_id, type, university_id, major_id, priority, create_time) VALUES (60, 111, '备选库', 52, 73, 42, '2024-01-10 15:00:00');
INSERT INTO volunteer_plan (id, user_id, type, university_id, major_id, priority, create_time) VALUES (61, 112, '模拟方案', 195, 22, 5, '2024-01-10 15:00:00');
INSERT INTO volunteer_plan (id, user_id, type, university_id, major_id, priority, create_time) VALUES (62, 113, '模拟方案', 78, 32, 16, '2024-01-10 15:00:00');
INSERT INTO volunteer_plan (id, user_id, type, university_id, major_id, priority, create_time) VALUES (63, 114, '模拟方案', 208, 1, 96, '2024-01-10 15:00:00');
INSERT INTO volunteer_plan (id, user_id, type, university_id, major_id, priority, create_time) VALUES (64, 115, '备选库', 59, 36, 50, '2024-01-10 15:00:00');
INSERT INTO volunteer_plan (id, user_id, type, university_id, major_id, priority, create_time) VALUES (65, 116, '备选库', 228, 77, 46, '2024-01-10 15:00:00');
INSERT INTO volunteer_plan (id, user_id, type, university_id, major_id, priority, create_time) VALUES (66, 117, '模拟方案', 10, 18, 66, '2024-01-10 15:00:00');
INSERT INTO volunteer_plan (id, user_id, type, university_id, major_id, priority, create_time) VALUES (67, 118, '模拟方案', 147, 10, 32, '2024-01-10 15:00:00');
INSERT INTO volunteer_plan (id, user_id, type, university_id, major_id, priority, create_time) VALUES (68, 119, '模拟方案', 118, 34, 76, '2024-01-10 15:00:00');
INSERT INTO volunteer_plan (id, user_id, type, university_id, major_id, priority, create_time) VALUES (69, 120, '备选库', 38, 86, 52, '2024-01-10 15:00:00');
INSERT INTO volunteer_plan (id, user_id, type, university_id, major_id, priority, create_time) VALUES (70, 121, '备选库', 40, 18, 56, '2024-01-10 15:00:00');
INSERT INTO volunteer_plan (id, user_id, type, university_id, major_id, priority, create_time) VALUES (71, 122, '备选库', 11, 28, 5, '2024-01-10 15:00:00');
INSERT INTO volunteer_plan (id, user_id, type, university_id, major_id, priority, create_time) VALUES (72, 123, '模拟方案', 98, 63, 99, '2024-01-10 15:00:00');
INSERT INTO volunteer_plan (id, user_id, type, university_id, major_id, priority, create_time) VALUES (73, 124, '模拟方案', 73, 17, 94, '2024-01-10 15:00:00');
INSERT INTO volunteer_plan (id, user_id, type, university_id, major_id, priority, create_time) VALUES (74, 125, '备选库', 165, 63, 12, '2024-01-10 15:00:00');
INSERT INTO volunteer_plan (id, user_id, type, university_id, major_id, priority, create_time) VALUES (75, 126, '模拟方案', 51, 80, 60, '2024-01-10 15:00:00');
INSERT INTO volunteer_plan (id, user_id, type, university_id, major_id, priority, create_time) VALUES (76, 127, '模拟方案', 142, 48, 58, '2024-01-10 15:00:00');
INSERT INTO volunteer_plan (id, user_id, type, university_id, major_id, priority, create_time) VALUES (77, 128, '备选库', 78, 35, 63, '2024-01-10 15:00:00');
INSERT INTO volunteer_plan (id, user_id, type, university_id, major_id, priority, create_time) VALUES (78, 129, '模拟方案', 192, 26, 46, '2024-01-10 15:00:00');
INSERT INTO volunteer_plan (id, user_id, type, university_id, major_id, priority, create_time) VALUES (79, 130, '模拟方案', 178, 72, 81, '2024-01-10 15:00:00');
INSERT INTO volunteer_plan (id, user_id, type, university_id, major_id, priority, create_time) VALUES (80, 131, '备选库', 225, 17, 95, '2024-01-10 15:00:00');
INSERT INTO volunteer_plan (id, user_id, type, university_id, major_id, priority, create_time) VALUES (81, 132, '备选库', 59, 104, 44, '2024-01-10 15:00:00');
INSERT INTO volunteer_plan (id, user_id, type, university_id, major_id, priority, create_time) VALUES (82, 133, '备选库', 162, 56, 75, '2024-01-10 15:00:00');
INSERT INTO volunteer_plan (id, user_id, type, university_id, major_id, priority, create_time) VALUES (83, 134, '模拟方案', 203, 79, 65, '2024-01-10 15:00:00');
INSERT INTO volunteer_plan (id, user_id, type, university_id, major_id, priority, create_time) VALUES (84, 135, '模拟方案', 43, 69, 24, '2024-01-10 15:00:00');
INSERT INTO volunteer_plan (id, user_id, type, university_id, major_id, priority, create_time) VALUES (85, 136, '模拟方案', 96, 45, 6, '2024-01-10 15:00:00');
INSERT INTO volunteer_plan (id, user_id, type, university_id, major_id, priority, create_time) VALUES (86, 137, '模拟方案', 27, 29, 73, '2024-01-10 15:00:00');
INSERT INTO volunteer_plan (id, user_id, type, university_id, major_id, priority, create_time) VALUES (87, 138, '备选库', 227, 33, 31, '2024-01-10 15:00:00');
INSERT INTO volunteer_plan (id, user_id, type, university_id, major_id, priority, create_time) VALUES (88, 139, '模拟方案', 173, 57, 19, '2024-01-10 15:00:00');
INSERT INTO volunteer_plan (id, user_id, type, university_id, major_id, priority, create_time) VALUES (89, 140, '模拟方案', 11, 13, 40, '2024-01-10 15:00:00');
INSERT INTO volunteer_plan (id, user_id, type, university_id, major_id, priority, create_time) VALUES (90, 141, '备选库', 67, 18, 80, '2024-01-10 15:00:00');
INSERT INTO volunteer_plan (id, user_id, type, university_id, major_id, priority, create_time) VALUES (91, 142, '备选库', 142, 97, 11, '2024-01-10 15:00:00');
INSERT INTO volunteer_plan (id, user_id, type, university_id, major_id, priority, create_time) VALUES (92, 143, '模拟方案', 11, 14, 71, '2024-01-10 15:00:00');
INSERT INTO volunteer_plan (id, user_id, type, university_id, major_id, priority, create_time) VALUES (93, 144, '模拟方案', 139, 15, 42, '2024-01-10 15:00:00');
INSERT INTO volunteer_plan (id, user_id, type, university_id, major_id, priority, create_time) VALUES (94, 145, '备选库', 85, 66, 72, '2024-01-10 15:00:00');
INSERT INTO volunteer_plan (id, user_id, type, university_id, major_id, priority, create_time) VALUES (95, 146, '模拟方案', 222, 40, 15, '2024-01-10 15:00:00');
INSERT INTO volunteer_plan (id, user_id, type, university_id, major_id, priority, create_time) VALUES (96, 147, '模拟方案', 220, 37, 2, '2024-01-10 15:00:00');
INSERT INTO volunteer_plan (id, user_id, type, university_id, major_id, priority, create_time) VALUES (97, 148, '备选库', 50, 103, 82, '2024-01-10 15:00:00');
INSERT INTO volunteer_plan (id, user_id, type, university_id, major_id, priority, create_time) VALUES (98, 149, '模拟方案', 81, 95, 63, '2024-01-10 15:00:00');
INSERT INTO volunteer_plan (id, user_id, type, university_id, major_id, priority, create_time) VALUES (99, 150, '备选库', 39, 64, 89, '2024-01-10 15:00:00');
INSERT INTO volunteer_plan (id, user_id, type, university_id, major_id, priority, create_time) VALUES (100, 101, '模拟方案', 163, 33, 4, '2024-01-10 15:00:00');
INSERT INTO volunteer_plan (id, user_id, type, university_id, major_id, priority, create_time) VALUES (101, 102, '备选库', 135, 68, 71, '2024-01-10 15:00:00');
INSERT INTO volunteer_plan (id, user_id, type, university_id, major_id, priority, create_time) VALUES (102, 103, '模拟方案', 136, 19, 34, '2024-01-10 15:00:00');
INSERT INTO volunteer_plan (id, user_id, type, university_id, major_id, priority, create_time) VALUES (103, 104, '模拟方案', 84, 26, 70, '2024-01-10 15:00:00');
INSERT INTO volunteer_plan (id, user_id, type, university_id, major_id, priority, create_time) VALUES (104, 105, '备选库', 97, 42, 14, '2024-01-10 15:00:00');
INSERT INTO volunteer_plan (id, user_id, type, university_id, major_id, priority, create_time) VALUES (105, 106, '模拟方案', 97, 36, 25, '2024-01-10 15:00:00');
INSERT INTO volunteer_plan (id, user_id, type, university_id, major_id, priority, create_time) VALUES (106, 107, '模拟方案', 72, 76, 8, '2024-01-10 15:00:00');
INSERT INTO volunteer_plan (id, user_id, type, university_id, major_id, priority, create_time) VALUES (107, 108, '备选库', 151, 19, 100, '2024-01-10 15:00:00');
INSERT INTO volunteer_plan (id, user_id, type, university_id, major_id, priority, create_time) VALUES (108, 109, '备选库', 183, 107, 38, '2024-01-10 15:00:00');
INSERT INTO volunteer_plan (id, user_id, type, university_id, major_id, priority, create_time) VALUES (109, 110, '备选库', 40, 79, 84, '2024-01-10 15:00:00');
INSERT INTO volunteer_plan (id, user_id, type, university_id, major_id, priority, create_time) VALUES (110, 111, '备选库', 222, 41, 18, '2024-01-10 15:00:00');
INSERT INTO volunteer_plan (id, user_id, type, university_id, major_id, priority, create_time) VALUES (111, 112, '备选库', 39, 50, 35, '2024-01-10 15:00:00');
INSERT INTO volunteer_plan (id, user_id, type, university_id, major_id, priority, create_time) VALUES (112, 113, '模拟方案', 81, 83, 82, '2024-01-10 15:00:00');
INSERT INTO volunteer_plan (id, user_id, type, university_id, major_id, priority, create_time) VALUES (113, 114, '模拟方案', 210, 61, 8, '2024-01-10 15:00:00');
INSERT INTO volunteer_plan (id, user_id, type, university_id, major_id, priority, create_time) VALUES (114, 115, '备选库', 204, 38, 74, '2024-01-10 15:00:00');
INSERT INTO volunteer_plan (id, user_id, type, university_id, major_id, priority, create_time) VALUES (115, 116, '备选库', 39, 61, 2, '2024-01-10 15:00:00');
INSERT INTO volunteer_plan (id, user_id, type, university_id, major_id, priority, create_time) VALUES (116, 117, '模拟方案', 15, 81, 93, '2024-01-10 15:00:00');
INSERT INTO volunteer_plan (id, user_id, type, university_id, major_id, priority, create_time) VALUES (117, 118, '模拟方案', 197, 77, 28, '2024-01-10 15:00:00');
INSERT INTO volunteer_plan (id, user_id, type, university_id, major_id, priority, create_time) VALUES (118, 119, '模拟方案', 20, 78, 89, '2024-01-10 15:00:00');
INSERT INTO volunteer_plan (id, user_id, type, university_id, major_id, priority, create_time) VALUES (119, 120, '模拟方案', 117, 13, 91, '2024-01-10 15:00:00');
INSERT INTO volunteer_plan (id, user_id, type, university_id, major_id, priority, create_time) VALUES (120, 121, '备选库', 208, 104, 69, '2024-01-10 15:00:00');
INSERT INTO volunteer_plan (id, user_id, type, university_id, major_id, priority, create_time) VALUES (121, 122, '模拟方案', 41, 95, 68, '2024-01-10 15:00:00');
INSERT INTO volunteer_plan (id, user_id, type, university_id, major_id, priority, create_time) VALUES (122, 123, '模拟方案', 155, 93, 64, '2024-01-10 15:00:00');
INSERT INTO volunteer_plan (id, user_id, type, university_id, major_id, priority, create_time) VALUES (123, 124, '备选库', 146, 49, 81, '2024-01-10 15:00:00');
INSERT INTO volunteer_plan (id, user_id, type, university_id, major_id, priority, create_time) VALUES (124, 125, '模拟方案', 167, 78, 92, '2024-01-10 15:00:00');
INSERT INTO volunteer_plan (id, user_id, type, university_id, major_id, priority, create_time) VALUES (125, 126, '备选库', 27, 16, 39, '2024-01-10 15:00:00');
INSERT INTO volunteer_plan (id, user_id, type, university_id, major_id, priority, create_time) VALUES (126, 127, '备选库', 32, 5, 91, '2024-01-10 15:00:00');
INSERT INTO volunteer_plan (id, user_id, type, university_id, major_id, priority, create_time) VALUES (127, 128, '模拟方案', 135, 62, 5, '2024-01-10 15:00:00');
INSERT INTO volunteer_plan (id, user_id, type, university_id, major_id, priority, create_time) VALUES (128, 129, '模拟方案', 175, 74, 20, '2024-01-10 15:00:00');
INSERT INTO volunteer_plan (id, user_id, type, university_id, major_id, priority, create_time) VALUES (129, 130, '模拟方案', 91, 9, 66, '2024-01-10 15:00:00');
INSERT INTO volunteer_plan (id, user_id, type, university_id, major_id, priority, create_time) VALUES (130, 131, '模拟方案', 226, 105, 10, '2024-01-10 15:00:00');
INSERT INTO volunteer_plan (id, user_id, type, university_id, major_id, priority, create_time) VALUES (131, 132, '备选库', 38, 24, 75, '2024-01-10 15:00:00');
INSERT INTO volunteer_plan (id, user_id, type, university_id, major_id, priority, create_time) VALUES (132, 133, '模拟方案', 1, 19, 55, '2024-01-10 15:00:00');
INSERT INTO volunteer_plan (id, user_id, type, university_id, major_id, priority, create_time) VALUES (133, 134, '备选库', 47, 92, 52, '2024-01-10 15:00:00');
INSERT INTO volunteer_plan (id, user_id, type, university_id, major_id, priority, create_time) VALUES (134, 135, '备选库', 25, 108, 71, '2024-01-10 15:00:00');
INSERT INTO volunteer_plan (id, user_id, type, university_id, major_id, priority, create_time) VALUES (135, 136, '模拟方案', 201, 71, 68, '2024-01-10 15:00:00');
INSERT INTO volunteer_plan (id, user_id, type, university_id, major_id, priority, create_time) VALUES (136, 137, '模拟方案', 113, 34, 10, '2024-01-10 15:00:00');
INSERT INTO volunteer_plan (id, user_id, type, university_id, major_id, priority, create_time) VALUES (137, 138, '模拟方案', 175, 96, 51, '2024-01-10 15:00:00');
INSERT INTO volunteer_plan (id, user_id, type, university_id, major_id, priority, create_time) VALUES (138, 139, '备选库', 17, 96, 22, '2024-01-10 15:00:00');
INSERT INTO volunteer_plan (id, user_id, type, university_id, major_id, priority, create_time) VALUES (139, 140, '模拟方案', 177, 22, 14, '2024-01-10 15:00:00');
INSERT INTO volunteer_plan (id, user_id, type, university_id, major_id, priority, create_time) VALUES (140, 141, '备选库', 51, 7, 6, '2024-01-10 15:00:00');
INSERT INTO volunteer_plan (id, user_id, type, university_id, major_id, priority, create_time) VALUES (141, 142, '模拟方案', 151, 23, 33, '2024-01-10 15:00:00');
INSERT INTO volunteer_plan (id, user_id, type, university_id, major_id, priority, create_time) VALUES (142, 143, '模拟方案', 104, 83, 4, '2024-01-10 15:00:00');
INSERT INTO volunteer_plan (id, user_id, type, university_id, major_id, priority, create_time) VALUES (143, 144, '备选库', 55, 11, 66, '2024-01-10 15:00:00');
INSERT INTO volunteer_plan (id, user_id, type, university_id, major_id, priority, create_time) VALUES (144, 145, '模拟方案', 166, 103, 66, '2024-01-10 15:00:00');
INSERT INTO volunteer_plan (id, user_id, type, university_id, major_id, priority, create_time) VALUES (145, 146, '备选库', 70, 50, 95, '2024-01-10 15:00:00');
INSERT INTO volunteer_plan (id, user_id, type, university_id, major_id, priority, create_time) VALUES (146, 147, '备选库', 166, 45, 9, '2024-01-10 15:00:00');
INSERT INTO volunteer_plan (id, user_id, type, university_id, major_id, priority, create_time) VALUES (147, 148, '备选库', 213, 100, 19, '2024-01-10 15:00:00');
INSERT INTO volunteer_plan (id, user_id, type, university_id, major_id, priority, create_time) VALUES (148, 149, '模拟方案', 13, 104, 44, '2024-01-10 15:00:00');
INSERT INTO volunteer_plan (id, user_id, type, university_id, major_id, priority, create_time) VALUES (149, 150, '备选库', 152, 75, 50, '2024-01-10 15:00:00');
INSERT INTO volunteer_plan (id, user_id, type, university_id, major_id, priority, create_time) VALUES (150, 101, '备选库', 58, 10, 41, '2024-01-10 15:00:00');
INSERT INTO volunteer_plan (id, user_id, type, university_id, major_id, priority, create_time) VALUES (151, 102, '模拟方案', 93, 38, 83, '2024-01-10 15:00:00');
INSERT INTO volunteer_plan (id, user_id, type, university_id, major_id, priority, create_time) VALUES (152, 103, '备选库', 88, 52, 29, '2024-01-10 15:00:00');
INSERT INTO volunteer_plan (id, user_id, type, university_id, major_id, priority, create_time) VALUES (153, 104, '备选库', 43, 19, 76, '2024-01-10 15:00:00');
INSERT INTO volunteer_plan (id, user_id, type, university_id, major_id, priority, create_time) VALUES (154, 105, '模拟方案', 110, 81, 100, '2024-01-10 15:00:00');
INSERT INTO volunteer_plan (id, user_id, type, university_id, major_id, priority, create_time) VALUES (155, 106, '备选库', 64, 77, 43, '2024-01-10 15:00:00');
INSERT INTO volunteer_plan (id, user_id, type, university_id, major_id, priority, create_time) VALUES (156, 107, '备选库', 217, 103, 43, '2024-01-10 15:00:00');
INSERT INTO volunteer_plan (id, user_id, type, university_id, major_id, priority, create_time) VALUES (157, 108, '备选库', 113, 61, 42, '2024-01-10 15:00:00');
INSERT INTO volunteer_plan (id, user_id, type, university_id, major_id, priority, create_time) VALUES (158, 109, '备选库', 157, 50, 19, '2024-01-10 15:00:00');
INSERT INTO volunteer_plan (id, user_id, type, university_id, major_id, priority, create_time) VALUES (159, 110, '模拟方案', 205, 63, 62, '2024-01-10 15:00:00');
INSERT INTO volunteer_plan (id, user_id, type, university_id, major_id, priority, create_time) VALUES (160, 111, '模拟方案', 202, 3, 98, '2024-01-10 15:00:00');
INSERT INTO volunteer_plan (id, user_id, type, university_id, major_id, priority, create_time) VALUES (161, 112, '备选库', 8, 76, 98, '2024-01-10 15:00:00');
INSERT INTO volunteer_plan (id, user_id, type, university_id, major_id, priority, create_time) VALUES (162, 113, '模拟方案', 166, 2, 42, '2024-01-10 15:00:00');
INSERT INTO volunteer_plan (id, user_id, type, university_id, major_id, priority, create_time) VALUES (163, 114, '备选库', 186, 86, 92, '2024-01-10 15:00:00');
INSERT INTO volunteer_plan (id, user_id, type, university_id, major_id, priority, create_time) VALUES (164, 115, '模拟方案', 93, 95, 89, '2024-01-10 15:00:00');
INSERT INTO volunteer_plan (id, user_id, type, university_id, major_id, priority, create_time) VALUES (165, 116, '模拟方案', 181, 69, 59, '2024-01-10 15:00:00');
INSERT INTO volunteer_plan (id, user_id, type, university_id, major_id, priority, create_time) VALUES (166, 117, '备选库', 17, 2, 92, '2024-01-10 15:00:00');
INSERT INTO volunteer_plan (id, user_id, type, university_id, major_id, priority, create_time) VALUES (167, 118, '备选库', 96, 92, 93, '2024-01-10 15:00:00');
INSERT INTO volunteer_plan (id, user_id, type, university_id, major_id, priority, create_time) VALUES (168, 119, '备选库', 23, 102, 62, '2024-01-10 15:00:00');
INSERT INTO volunteer_plan (id, user_id, type, university_id, major_id, priority, create_time) VALUES (169, 120, '模拟方案', 117, 22, 88, '2024-01-10 15:00:00');
INSERT INTO volunteer_plan (id, user_id, type, university_id, major_id, priority, create_time) VALUES (170, 121, '模拟方案', 227, 11, 61, '2024-01-10 15:00:00');
INSERT INTO volunteer_plan (id, user_id, type, university_id, major_id, priority, create_time) VALUES (171, 122, '备选库', 180, 78, 33, '2024-01-10 15:00:00');
INSERT INTO volunteer_plan (id, user_id, type, university_id, major_id, priority, create_time) VALUES (172, 123, '备选库', 194, 31, 40, '2024-01-10 15:00:00');
INSERT INTO volunteer_plan (id, user_id, type, university_id, major_id, priority, create_time) VALUES (173, 124, '模拟方案', 56, 15, 5, '2024-01-10 15:00:00');
INSERT INTO volunteer_plan (id, user_id, type, university_id, major_id, priority, create_time) VALUES (174, 125, '备选库', 128, 12, 38, '2024-01-10 15:00:00');
INSERT INTO volunteer_plan (id, user_id, type, university_id, major_id, priority, create_time) VALUES (175, 126, '模拟方案', 22, 102, 46, '2024-01-10 15:00:00');
INSERT INTO volunteer_plan (id, user_id, type, university_id, major_id, priority, create_time) VALUES (176, 127, '备选库', 75, 2, 93, '2024-01-10 15:00:00');
INSERT INTO volunteer_plan (id, user_id, type, university_id, major_id, priority, create_time) VALUES (177, 128, '备选库', 94, 67, 59, '2024-01-10 15:00:00');
INSERT INTO volunteer_plan (id, user_id, type, university_id, major_id, priority, create_time) VALUES (178, 129, '备选库', 28, 104, 82, '2024-01-10 15:00:00');
INSERT INTO volunteer_plan (id, user_id, type, university_id, major_id, priority, create_time) VALUES (179, 130, '备选库', 156, 72, 85, '2024-01-10 15:00:00');
INSERT INTO volunteer_plan (id, user_id, type, university_id, major_id, priority, create_time) VALUES (180, 131, '模拟方案', 158, 21, 59, '2024-01-10 15:00:00');
INSERT INTO volunteer_plan (id, user_id, type, university_id, major_id, priority, create_time) VALUES (181, 132, '备选库', 65, 109, 19, '2024-01-10 15:00:00');
INSERT INTO volunteer_plan (id, user_id, type, university_id, major_id, priority, create_time) VALUES (182, 133, '模拟方案', 183, 59, 16, '2024-01-10 15:00:00');
INSERT INTO volunteer_plan (id, user_id, type, university_id, major_id, priority, create_time) VALUES (183, 134, '模拟方案', 22, 35, 17, '2024-01-10 15:00:00');
INSERT INTO volunteer_plan (id, user_id, type, university_id, major_id, priority, create_time) VALUES (184, 135, '备选库', 118, 70, 7, '2024-01-10 15:00:00');
INSERT INTO volunteer_plan (id, user_id, type, university_id, major_id, priority, create_time) VALUES (185, 136, '模拟方案', 80, 69, 30, '2024-01-10 15:00:00');
INSERT INTO volunteer_plan (id, user_id, type, university_id, major_id, priority, create_time) VALUES (186, 137, '备选库', 35, 58, 77, '2024-01-10 15:00:00');
INSERT INTO volunteer_plan (id, user_id, type, university_id, major_id, priority, create_time) VALUES (187, 138, '备选库', 198, 24, 24, '2024-01-10 15:00:00');
INSERT INTO volunteer_plan (id, user_id, type, university_id, major_id, priority, create_time) VALUES (188, 139, '备选库', 195, 91, 59, '2024-01-10 15:00:00');
INSERT INTO volunteer_plan (id, user_id, type, university_id, major_id, priority, create_time) VALUES (189, 140, '模拟方案', 167, 34, 27, '2024-01-10 15:00:00');
INSERT INTO volunteer_plan (id, user_id, type, university_id, major_id, priority, create_time) VALUES (190, 141, '备选库', 184, 79, 54, '2024-01-10 15:00:00');
INSERT INTO volunteer_plan (id, user_id, type, university_id, major_id, priority, create_time) VALUES (191, 142, '模拟方案', 125, 49, 21, '2024-01-10 15:00:00');
INSERT INTO volunteer_plan (id, user_id, type, university_id, major_id, priority, create_time) VALUES (192, 143, '备选库', 78, 23, 23, '2024-01-10 15:00:00');
INSERT INTO volunteer_plan (id, user_id, type, university_id, major_id, priority, create_time) VALUES (193, 144, '备选库', 45, 69, 8, '2024-01-10 15:00:00');
INSERT INTO volunteer_plan (id, user_id, type, university_id, major_id, priority, create_time) VALUES (194, 145, '模拟方案', 134, 80, 100, '2024-01-10 15:00:00');
INSERT INTO volunteer_plan (id, user_id, type, university_id, major_id, priority, create_time) VALUES (195, 146, '备选库', 204, 5, 28, '2024-01-10 15:00:00');
INSERT INTO volunteer_plan (id, user_id, type, university_id, major_id, priority, create_time) VALUES (196, 147, '模拟方案', 9, 61, 43, '2024-01-10 15:00:00');
INSERT INTO volunteer_plan (id, user_id, type, university_id, major_id, priority, create_time) VALUES (197, 148, '备选库', 50, 39, 99, '2024-01-10 15:00:00');
INSERT INTO volunteer_plan (id, user_id, type, university_id, major_id, priority, create_time) VALUES (198, 149, '模拟方案', 30, 46, 61, '2024-01-10 15:00:00');
INSERT INTO volunteer_plan (id, user_id, type, university_id, major_id, priority, create_time) VALUES (199, 150, '模拟方案', 20, 43, 4, '2024-01-10 15:00:00');
INSERT INTO volunteer_plan (id, user_id, type, university_id, major_id, priority, create_time) VALUES (200, 101, '模拟方案', 12, 12, 12, '2024-01-10 15:00:00');